date,car_count,car_count_7d_ma,car_count_30d_ma,car_count_90d_ma,total_gallons,total_gallons_7d_ma,total_gallons_30d_ma,total_gallons_90d_ma,total_barrels,total_barrels_7d_ma,total_barrels_30d_ma,total_barrels_90d_ma
2025-01-01,42,42.0,42.0,42.0,1297219.0,1297219.0,1297219.0,1297219.0,30886.17,30886.17,30886.17,30886.17
2025-01-02,85,63.5,63.5,63.5,2611745.0,1954482.0,1954482.0,1954482.0,62184.4,46535.28,46535.28,46535.28
2025-01-03,110,79.0,79.0,79.0,3366697.0,2425220.33,2425220.33,2425220.33,80159.45,57743.34,57743.34,57743.34
2025-01-04,79,79.0,79.0,79.0,2407945.0,2420901.5,2420901.5,2420901.5,57332.02,57640.51,57640.51,57640.51
2025-01-05,61,75.4,75.4,75.4,1881982.0,2313117.6,2313117.6,2313117.6,44809.1,55074.23,55074.23,55074.23
2025-01-06,81,76.33,76.33,76.33,2473514.0,2339850.33,2339850.33,2339850.33,58893.19,55710.72,55710.72,55710.72
2025-01-07,71,75.57,75.57,75.57,2184784.0,2317698.0,2317698.0,2317698.0,52018.67,55183.29,55183.29,55183.29
2025-01-08,73,80.0,75.25,75.25,2251356.0,2454003.29,2309405.25,2309405.25,53603.71,58428.65,54985.84,54985.84
2025-01-09,36,73.0,70.89,70.89,1103806.0,2238583.43,2175449.78,2175449.78,26281.1,53299.61,51796.42,51796.42
2025-01-10,60,65.86,69.8,69.8,1819207.0,2017513.43,2139825.5,2139825.5,43314.45,48036.03,50948.23,50948.23
2025-01-11,95,68.14,72.09,72.09,2886659.0,2085901.14,2207719.45,2207719.45,68729.98,49664.31,52564.75,52564.75
2025-01-12,51,66.71,70.33,70.33,1578264.0,2042512.86,2155264.83,2155264.83,37577.71,48631.26,51315.83,51315.83
2025-01-13,101,69.57,72.69,72.69,3066983.0,2127294.14,2225397.0,2225397.0,73023.4,50649.86,52985.64,52985.64
2025-01-14,32,64.0,69.79,69.79,1009029.0,1959329.14,2138513.57,2138513.57,24024.5,46650.69,50916.99,50916.99
2025-01-15,30,57.86,67.13,67.13,934740.0,1771241.14,2058262.0,2058262.0,22255.71,42172.41,49006.24,49006.24
2025-01-16,75,63.43,67.62,67.62,2268067.0,1937564.14,2071374.81,2071374.81,54001.6,46132.48,49318.45,49318.45
2025-01-17,20,57.71,64.82,64.82,632742.0,1768069.14,1986749.35,1986749.35,15065.29,42096.88,47303.56,47303.56
2025-01-18,68,53.86,65.0,65.0,2092208.0,1654576.14,1992608.17,1992608.17,49814.48,39394.67,47443.05,47443.05
2025-01-19,39,52.14,63.63,63.63,1209491.0,1601894.29,1951391.47,1951391.47,28797.4,38140.34,46461.7,46461.7
2025-01-20,102,52.29,65.55,65.55,3124772.0,1610149.86,2010060.5,2010060.5,74399.33,38336.9,47858.58,47858.58
2025-01-21,90,60.57,66.71,66.71,2774169.0,1862312.71,2046446.62,2046446.62,66051.64,44340.78,48724.92,48724.92
2025-01-22,33,61.0,65.18,65.18,1030618.0,1876009.57,2000272.59,2000272.59,24538.52,44666.89,47625.54,47625.54
2025-01-23,58,58.57,64.87,64.87,1774869.0,1805552.71,1990472.43,1990472.43,42258.79,42989.35,47392.2,47392.2
2025-01-24,41,61.57,63.88,63.88,1274080.0,1897172.43,1960622.75,1960622.75,30335.24,45170.77,46681.49,46681.49
2025-01-25,42,57.86,63.0,63.0,1250909.0,1776986.86,1932234.2,1932234.2,29783.55,42309.21,46005.58,46005.58
2025-01-26,52,59.71,62.58,62.58,1603438.0,1833265.0,1919588.19,1919588.19,38177.1,43649.17,45704.48,45704.48
2025-01-27,38,50.57,61.67,61.67,1175760.0,1554834.71,1892039.0,1892039.0,27994.29,37019.88,45048.55,45048.55
2025-01-28,46,44.29,61.11,61.11,1391164.0,1357262.57,1874150.61,1874150.61,33122.95,32315.78,44622.63,44622.63
2025-01-29,83,51.43,61.86,61.86,2512123.0,1568906.14,1896149.66,1896149.66,59812.45,37354.91,45146.42,45146.42
2025-01-30,58,51.43,61.73,61.73,1767437.0,1567844.43,1891859.23,1891859.23,42081.83,37329.63,45044.27,45044.27
2025-01-31,49,52.57,61.97,61.32,1511903.0,1601819.14,1899015.37,1879602.58,35997.69,38138.55,45214.65,44752.44
2025-02-01,57,54.71,61.03,61.19,1755271.0,1673870.86,1870466.23,1875717.22,41792.17,39854.07,44534.91,44659.93
2025-02-02,21,50.29,58.07,59.97,670547.0,1540600.71,1780594.57,1839196.91,15965.4,36680.97,42395.11,43790.4
2025-02-03,74,55.43,57.9,60.38,2271911.0,1697193.71,1776060.1,1851923.79,54093.12,40409.37,42287.15,44093.42
2025-02-04,42,54.86,57.27,59.86,1304245.0,1684776.71,1756802.2,1836275.83,31053.45,40113.73,41828.62,43720.85
2025-02-05,110,58.71,58.23,61.25,3334821.0,1802305.0,1785512.43,1877902.08,79400.5,42912.02,42512.2,44711.95
2025-02-06,38,55.86,57.13,60.62,1183770.0,1718924.0,1752145.3,1859141.76,28185.0,40926.76,41717.75,44265.28
2025-02-07,43,55.0,56.13,60.16,1329543.0,1692872.57,1721418.2,1845204.95,31655.79,40306.49,40986.15,43933.45
2025-02-08,54,54.57,56.73,60.0,1656024.0,1678694.43,1739825.47,1840354.15,39429.14,39968.91,41424.42,43817.96
2025-02-09,42,57.57,56.13,59.55,1308475.0,1769827.0,1722801.07,1827057.18,31154.17,42138.74,41019.07,43501.36
2025-02-10,121,64.29,57.0,61.05,3630559.0,1963919.57,1747597.73,1871045.02,86441.88,46759.99,41609.47,44548.69
2025-02-11,55,66.14,57.13,60.9,1574476.0,2002524.0,1747471.47,1863983.86,37487.52,47679.14,41606.46,44380.57
2025-02-12,34,55.29,54.9,60.28,1047878.0,1675817.86,1680167.97,1845004.65,24949.48,39900.43,40004.0,43928.68
2025-02-13,3,50.29,53.93,58.98,81561.0,1518359.43,1649252.37,1804926.39,1941.93,36151.42,39267.91,42974.44
2025-02-14,73,54.57,55.37,59.29,2249827.0,1649828.57,1693088.6,1814813.07,53567.31,39281.63,40311.63,43209.83
2025-02-15,83,58.71,55.63,59.8,2555205.0,1778283.0,1702659.87,1830908.54,60838.21,42340.07,40539.52,43593.06
2025-02-16,65,62.0,57.13,59.91,1997929.0,1876776.43,1748166.1,1834462.17,47569.74,44685.15,41623.0,43677.67
2025-02-17,73,55.14,57.3,60.19,2243809.0,1678669.29,1753219.47,1842990.23,53424.02,39968.32,41743.32,43880.72
2025-02-18,46,53.86,57.53,59.9,1414810.0,1655859.86,1760063.43,1834251.86,33685.95,39425.23,41906.27,43672.66
2025-02-19,14,51.0,54.6,58.98,422643.0,1566540.57,1669992.47,1806019.68,10062.93,37298.58,39761.73,43000.47
2025-02-20,82,62.29,54.33,59.43,2510510.0,1913533.29,1661203.83,1819833.22,59774.05,45560.32,39552.47,43329.36
2025-02-21,29,56.0,54.2,58.85,907523.0,1721775.57,1657100.67,1802288.79,21607.69,40994.66,39454.78,42911.64
2025-02-22,37,49.43,53.5,58.43,1134301.0,1518789.29,1635748.4,1789685.25,27007.17,36161.65,38946.39,42611.55
2025-02-23,86,52.43,55.0,58.94,2631208.0,1609257.71,1680986.0,1805269.0,62647.81,38315.66,40023.48,42982.6
2025-02-24,101,56.43,56.97,59.71,3080473.0,1728781.14,1741971.47,1828454.53,73344.6,41161.46,41475.51,43534.63
2025-02-25,30,54.14,56.23,59.18,911560.0,1656888.29,1718908.87,1812081.41,21703.81,39449.72,40926.4,43144.8
2025-02-26,66,61.57,57.17,59.3,2023075.0,1885521.43,1747152.7,1815783.05,48168.45,44893.37,41598.87,43232.93
2025-02-27,100,64.14,58.97,60.0,3040320.0,1961208.57,1802124.57,1836895.76,72388.57,46695.44,42907.73,43735.61
2025-02-28,96,73.71,59.4,60.61,2956780.0,2253959.57,1816946.47,1855876.85,70399.52,53665.7,43260.63,44187.54
2025-03-01,30,72.71,58.47,60.1,911525.0,2222134.43,1788416.07,1840137.65,21702.98,52907.96,42581.34,43812.8
2025-03-02,79,71.71,59.47,60.41,2427513.0,2193035.14,1818936.4,1849766.75,57797.93,52215.12,43308.01,44042.07
2025-03-03,66,66.71,59.77,60.5,2025952.0,2042389.29,1827959.1,1852608.45,48236.95,48628.32,43522.84,44109.73
2025-03-04,54,70.14,60.87,60.4,1669895.0,2150722.86,1861270.7,1849708.24,39759.4,51207.69,44315.97,44040.67
2025-03-05,16,63.0,58.93,59.7,516110.0,1935442.14,1802744.0,1828870.77,12288.33,46081.95,42922.48,43544.54
2025-03-06,41,54.57,58.9,59.42,1266623.0,1682056.86,1801489.93,1820220.8,30157.69,40048.97,42892.62,43338.59
2025-03-07,82,52.57,57.97,59.76,2512299.0,1618559.57,1774072.53,1830706.83,59816.64,38537.13,42239.82,43588.26
2025-03-08,66,57.71,58.9,59.85,2013684.0,1776010.86,1801736.33,1833437.84,47944.86,42285.97,42898.48,43653.28
2025-03-09,62,55.29,59.53,59.88,1891857.0,1699488.57,1820480.13,1834296.94,45044.21,40464.01,43344.76,43673.74
2025-03-10,144,66.43,62.53,61.1,4388424.0,2036984.57,1911560.13,1871313.28,104486.29,48499.63,45513.34,44555.08
2025-03-11,27,62.57,62.03,60.61,848006.0,1919571.86,1896211.17,1856694.6,20190.62,45704.09,45147.88,44207.01
2025-03-12,35,65.29,59.17,60.25,1087589.0,2001211.71,1811445.5,1845862.13,25894.98,47647.9,43129.65,43949.1
2025-03-13,85,71.57,60.17,60.6,2602319.0,2192025.43,1845706.93,1856368.47,61959.98,52191.08,43945.4,44199.25
2025-03-14,112,75.86,62.77,61.3,3340838.0,2310388.14,1922138.93,1876703.67,79543.76,55009.24,45765.21,44683.42
2025-03-15,79,77.71,65.3,61.54,2421825.0,2368694.0,2000147.73,1884070.18,57662.5,56397.48,47622.56,44858.81
2025-03-16,22,72.0,63.6,61.01,688132.0,2196733.29,1948091.23,1868124.33,16384.1,52303.18,46383.12,44479.15
2025-03-17,75,62.14,63.33,61.2,2298277.0,1898140.86,1939526.97,1873784.24,54720.88,45193.83,46179.21,44613.91
2025-03-18,128,76.57,65.43,62.06,3906461.0,2335063.0,2003144.7,1900182.64,93010.98,55596.74,47693.92,45242.44
2025-03-19,86,83.86,65.87,62.37,2642306.0,2557165.43,2016427.93,1909697.04,62912.05,60884.89,48010.19,45468.98
2025-03-20,66,81.14,66.53,62.42,1989317.0,2469593.71,2035578.17,1910704.89,47364.69,58799.85,48466.15,45492.97
2025-03-21,25,68.71,66.9,61.95,774642.0,2102994.29,2047311.47,1896504.1,18443.86,50071.29,48745.51,45154.86
2025-03-22,78,68.57,66.77,62.15,2381592.0,2097246.71,2043014.2,1902492.84,56704.57,49934.45,48643.2,45297.45
2025-03-23,157,87.86,71.03,63.3,4799393.0,2684569.71,2172743.2,1937820.89,114271.26,63918.33,51731.98,46138.59
2025-03-24,46,83.71,71.33,63.1,1418038.0,2558821.29,2182201.1,1931558.45,33762.81,60924.32,51957.17,45989.49
2025-03-25,59,73.86,70.43,63.05,1822319.0,2261086.71,2155238.13,1930257.98,43388.55,53835.4,51315.19,45958.52
2025-03-26,79,72.86,69.7,63.24,2358595.0,2220556.57,2131175.53,1935297.24,56157.02,52870.39,50742.27,46078.51
2025-03-27,56,71.43,70.57,63.15,1720455.0,2182147.71,2158138.7,1932799.07,40963.21,51955.9,51384.25,46019.03
2025-03-28,55,75.71,70.2,63.06,1694809.0,2313600.14,2147196.5,1930063.55,40352.6,55085.72,51123.73,45953.89
2025-03-29,11,66.14,67.23,62.47,360691.0,2024900.0,2057875.53,1912229.77,8587.88,48211.9,48997.04,45529.28
2025-03-30,86,56.0,66.9,62.73,2637494.0,1716057.29,2047232.67,1920378.81,62797.48,40858.51,48743.64,45723.31
2025-03-31,106,64.57,69.43,63.21,3190920.0,1969326.14,2123212.5,1934495.93,75974.29,46888.72,50552.68,46059.43
2025-04-01,49,63.14,68.43,63.29,1514803.0,1925395.29,2092788.83,1936913.53,36066.74,45842.75,49828.31,46116.99
2025-04-02,27,55.71,67.13,62.64,848310.0,1709640.29,2053534.1,1917319.81,20197.86,40705.72,48893.67,45650.47
2025-04-03,19,50.43,65.97,61.63,603300.0,1550046.71,2017980.93,1886615.4,14364.29,36905.88,48047.17,44919.41
2025-04-04,67,52.14,67.67,61.5,2050024.0,1600791.71,2069111.4,1882638.5,48810.1,38114.09,49264.56,44824.73
2025-04-05,10,52.0,66.63,60.93,294501.0,1591336.0,2036707.33,1864999.82,7011.93,37888.96,48493.03,44404.76
2025-04-06,88,52.29,66.83,61.01,2689701.0,1598794.14,2042620.73,1867401.9,64040.5,38066.53,48633.83,44461.95
2025-04-07,76,48.0,67.17,61.07,2330961.0,1475942.86,2053196.63,1869026.09,55499.07,35141.5,48885.64,44500.62
2025-04-08,115,57.43,68.93,61.53,3503891.0,1760098.29,2106931.1,1882943.14,83425.98,41907.1,50165.03,44831.98
2025-04-09,83,65.43,66.9,62.06,2545449.0,2002546.71,2045498.6,1898961.4,60605.93,47679.69,48702.35,45213.37
2025-04-10,98,76.71,69.27,62.48,2982984.0,2342501.57,2116664.53,1911892.26,71023.43,55773.85,50396.78,45521.24
2025-04-11,84,79.14,70.9,62.36,2564001.0,2415926.86,2165878.27,1908307.17,61047.64,57522.07,51568.53,45435.89
2025-04-12,59,86.14,70.03,62.44,1802750.0,2631391.0,2139225.97,1910801.46,42922.62,62652.17,50933.95,45495.27
2025-04-13,52,81.0,68.03,61.9,1614943.0,2477854.14,2081696.13,1894667.68,38451.02,58996.53,49564.19,45111.14
2025-04-14,45,76.57,66.9,62.04,1384129.0,2342592.43,2047106.27,1898835.46,32955.45,55776.01,48740.63,45210.37
2025-04-15,54,67.86,67.97,62.31,1662574.0,2079547.14,2079587.67,1906922.5,39585.1,49513.03,49513.99,45402.92
2025-04-16,60,64.57,67.47,62.14,1844761.0,1979448.86,2064470.47,1902219.1,43922.88,47129.73,49154.06,45290.93
2025-04-17,40,56.29,64.53,62.37,1236255.0,1729916.14,1975463.6,1908924.8,29434.64,41188.48,47034.85,45450.59
2025-04-18,102,58.86,65.07,62.74,3095142.0,1805793.43,1990558.13,1920068.51,73693.86,42995.08,47394.24,45715.92
2025-04-19,69,60.29,65.17,63.08,2079474.0,1845325.43,1993563.37,1929734.99,49511.29,43936.32,47465.8,45946.07
2025-04-20,67,62.43,66.57,62.69,2057787.0,1908588.86,2036334.87,1917879.6,48994.93,45442.59,48484.16,45663.8
2025-04-21,27,59.86,64.87,61.99,840424.0,1830916.71,1984962.6,1896393.54,20010.1,43593.26,47261.02,45152.23
2025-04-22,31,56.57,60.67,61.97,956772.0,1730087.86,1856875.23,1895573.03,22780.29,41192.57,44211.32,45132.69
2025-04-23,115,64.43,62.97,62.6,3515280.0,1968733.43,1926783.3,1914910.93,83697.14,46874.61,45875.79,45593.12
2025-04-24,106,73.86,64.53,63.32,3240813.0,2255098.86,1974066.43,1936763.52,77162.21,53692.83,47001.58,46113.42
2025-04-25,65,68.57,64.07,63.58,2000888.0,2098776.86,1962142.87,1945096.62,47640.19,49970.88,46717.69,46311.82
2025-04-26,74,69.29,64.67,63.82,2265361.0,2125332.14,1980306.4,1952451.32,53937.17,50603.15,47150.15,46486.94
2025-04-27,63,68.71,64.93,64.1,1925794.0,2106476.0,1988005.9,1960785.03,45852.24,50154.19,47333.48,46685.36
2025-04-28,62,73.71,66.63,64.28,1905815.0,2258674.71,2039510.03,1966503.38,45376.55,53777.97,48559.76,46821.51
2025-04-29,14,71.29,64.23,63.51,445136.0,2185583.86,1966431.43,1943536.86,10598.48,52037.71,46819.8,46274.69
2025-04-30,75,65.57,63.2,63.7,2298585.0,2011770.29,1936686.93,1949438.5,54728.21,47899.29,46111.59,46415.2
2025-05-01,51,57.71,63.27,63.72,1557783.0,1771337.43,1938119.6,1949948.28,37090.07,42174.7,46145.71,46427.34
2025-05-02,55,56.29,64.2,63.7,1698555.0,1728147.0,1966461.1,1949318.1,40441.79,41146.36,46820.5,46412.34
2025-05-03,88,58.29,66.5,64.44,2675995.0,1786809.0,2035550.93,1971600.86,63714.17,42543.07,48465.5,46942.88
2025-05-04,25,52.86,65.1,63.9,788116.0,1624283.57,1993487.33,1955114.24,18764.67,38673.42,47463.98,46550.34
2025-05-05,93,57.29,67.87,64.47,2837604.0,1757396.29,2078257.43,1972151.57,67562.0,41842.77,49482.32,46955.99
2025-05-06,34,60.14,66.07,63.62,1049935.0,1843796.14,2023598.57,1946763.94,24998.45,43899.91,48180.92,46351.52
2025-05-07,78,60.57,66.13,64.07,2385348.0,1856190.86,2025411.47,1960114.81,56794.0,44195.02,48224.08,46669.4
2025-05-08,41,59.14,63.67,64.04,1253838.0,1812770.14,1950409.7,1959273.64,29853.29,43161.2,46438.33,46649.37
2025-05-09,43,57.43,62.33,63.92,1333291.0,1760589.57,1910004.43,1955687.72,31745.02,41918.8,45476.3,46563.99
2025-05-10,11,46.43,59.43,63.58,320690.0,1424117.43,1821261.3,1944712.33,7635.48,33907.56,43363.36,46302.68
2025-05-11,113,59.0,60.4,63.49,3470967.0,1807381.86,1851493.5,1942939.09,82642.07,43032.9,44083.18,46260.46
2025-05-12,26,49.43,59.3,63.17,810891.0,1517851.43,1818431.53,1934454.81,19306.93,36139.32,43295.99,46058.45
2025-05-13,98,58.57,60.83,63.88,3005253.0,1797182.57,1864775.2,1956203.42,71553.64,42790.06,44399.41,46576.27
2025-05-14,51,54.71,61.03,64.41,1577250.0,1681740.0,1871212.57,1972822.19,37553.57,40041.43,44552.68,46971.96
2025-05-15,30,53.14,60.23,63.93,935798.0,1636305.71,1846986.7,1958221.87,22280.9,38959.66,43975.87,46624.33
2025-05-16,21,50.0,58.93,63.24,662468.0,1540473.86,1807576.93,1937191.46,15773.05,36677.95,43037.55,46123.61
2025-05-17,62,57.29,59.67,63.21,1908384.0,1767287.29,1829981.23,1936196.51,45437.71,42078.27,43570.98,46099.92
2025-05-18,118,58.0,60.2,63.71,3602270.0,1786044.86,1846885.5,1951290.52,85768.33,42524.88,43973.46,46459.3
2025-05-19,36,59.43,59.1,63.6,1123640.0,1830723.29,1815024.37,1948055.3,26753.33,43588.65,43214.87,46382.27
2025-05-20,22,48.57,57.6,63.69,695098.0,1500701.14,1769601.4,1951082.58,16549.95,35730.98,42133.37,46454.35
2025-05-21,80,52.71,59.37,63.67,2469581.0,1628177.0,1823906.63,1950627.81,58799.55,38766.12,43426.35,46443.52
2025-05-22,97,62.29,61.57,64.42,2960870.0,1917473.0,1890709.9,1973442.78,70496.9,45654.12,45016.9,46986.73
2025-05-23,124,77.0,61.87,65.39,3760640.0,2360069.0,1898888.57,2002624.32,89539.05,56192.12,45211.63,47681.53
2025-05-24,69,78.0,60.63,65.2,2117658.0,2389965.29,1861450.07,1996918.21,50420.43,56903.93,44320.24,47545.67
2025-05-25,68,70.86,60.73,64.83,2094019.0,2174500.86,1864554.43,1985957.61,49857.6,51773.83,44394.15,47284.71
2025-05-26,113,81.86,62.03,65.76,3456218.0,2507726.29,1904249.67,2014231.59,82290.9,59707.77,45339.28,47957.9
2025-05-27,48,85.57,61.53,65.56,1488090.0,2621010.86,1889659.53,2008287.31,35430.71,62405.02,44991.89,47816.36
2025-05-28,25,77.71,60.3,64.72,778676.0,2379453.0,1852088.23,1983157.93,18539.9,56653.64,44097.34,47218.05
2025-05-29,54,71.57,61.63,64.26,1646457.0,2191679.71,1892132.27,1968598.79,39201.36,52182.85,45050.77,46871.4
2025-05-30,59,62.29,61.1,64.58,1797073.0,1911170.14,1875415.2,1978438.21,42787.45,45504.05,44652.74,47105.67
2025-05-31,34,57.29,60.53,64.08,1053235.0,1759109.71,1858596.93,1963168.46,25077.02,41883.56,44252.31,46742.11
2025-06-01,119,64.57,62.67,64.67,3635291.0,1979291.43,1923154.8,1981050.0,86554.55,47125.98,45789.4,47167.86
2025-06-02,74,59.0,62.2,64.89,2254092.0,1807559.14,1909091.37,1987541.08,53668.86,43037.12,45454.56,47322.41
2025-06-03,93,65.43,64.47,65.74,2850131.0,2002136.43,1977825.2,2013474.64,67860.26,47669.91,47091.08,47939.87
2025-06-04,66,71.29,63.57,66.02,2029865.0,2180877.71,1950900.57,2021955.11,48330.12,51925.66,46450.01,48141.79
2025-06-05,23,66.86,63.2,65.37,723518.0,2049029.29,1940020.0,2002079.77,17226.62,48786.41,46190.95,47668.57
2025-06-06,62,67.29,62.67,65.32,1904871.0,2064429.0,1924004.1,2000870.73,45354.07,49153.07,45809.62,47639.78
2025-06-07,74,73.0,63.77,65.46,2276049.0,2239116.71,1958077.8,2005139.53,54191.64,53312.3,46620.9,47741.42
2025-06-08,55,63.86,64.17,64.47,1692566.0,1961584.57,1970053.63,1975185.56,40299.19,46704.39,46906.04,47028.23
2025-06-09,107,68.57,67.37,65.36,3261004.0,2105429.14,2068064.1,2001996.64,77642.95,50129.26,49239.62,47666.59
2025-06-10,94,68.71,66.73,66.01,2865582.0,2107636.43,2047884.6,2021752.12,68228.14,50181.82,48759.16,48136.96
2025-06-11,62,68.14,67.93,65.76,1907996.0,2090226.57,2084454.77,2014037.42,45428.48,49767.3,49629.87,47953.27
2025-06-12,76,75.71,67.2,65.36,2331470.0,2319934.0,2061995.33,2002822.22,55511.19,55236.52,49095.13,47686.24
2025-06-13,53,74.43,67.27,65.07,1635107.0,2281396.29,2063923.9,1994080.91,38931.12,54318.96,49141.04,47478.12
2025-06-14,39,69.43,67.57,65.26,1207961.0,2128812.29,2072996.0,1999856.79,28760.98,50686.01,49357.05,47615.64
2025-06-15,92,74.71,69.93,65.44,2819125.0,2289749.29,2144884.57,2005643.99,67122.02,54517.84,51068.68,47753.43
2025-06-16,60,68.0,69.87,64.69,1844634.0,2087410.71,2142759.57,1982734.8,43919.86,49700.26,51018.08,47207.97
2025-06-17,38,60.0,67.2,64.16,1181241.0,1846790.57,2062058.6,1966500.74,28124.79,43971.21,49096.63,46821.45
2025-06-18,6,52.0,66.2,63.49,212110.0,1604521.14,2031674.27,1946754.0,5050.24,38202.89,48373.2,46351.29
2025-06-19,105,56.14,68.97,64.38,3211500.0,1730239.71,2115554.33,1973830.2,76464.29,41196.19,50370.34,46995.96
2025-06-20,20,51.43,66.97,63.73,632107.0,1586954.0,2054305.2,1954391.48,15050.17,37784.62,48912.03,46533.13
2025-06-21,37,51.14,64.97,62.4,1154431.0,1579306.86,1994090.57,1913891.9,27486.45,37602.55,47478.35,45568.86
2025-06-22,40,43.71,62.17,62.33,1241227.0,1353892.86,1910110.13,1911927.33,29553.02,32235.55,45478.81,45522.08
2025-06-23,77,46.14,62.43,62.53,2355874.0,1426927.14,1918050.67,1917855.72,56092.24,33974.46,45667.87,45663.23
2025-06-24,122,58.14,64.23,63.01,3750838.0,1794012.43,1973277.97,1933325.09,89305.67,42714.58,46982.81,46031.55
2025-06-25,48,64.14,62.07,62.92,1489831.0,1976544.0,1907731.73,1930762.6,35472.17,47060.57,45422.18,45970.54
2025-06-26,46,55.71,62.0,62.82,1416274.0,1720083.14,1905337.87,1927667.77,33720.81,40954.36,45365.19,45896.85
2025-06-27,34,57.71,62.3,63.08,1058148.0,1780946.14,1914653.6,1935417.29,25194.0,42403.48,45586.99,46081.36
2025-06-28,39,58.0,61.8,62.56,1208487.0,1788668.43,1900054.6,1919539.43,28773.5,42587.34,45239.4,45703.32
2025-06-29,58,60.57,61.77,62.02,1781100.0,1865793.14,1899522.17,1903874.77,42407.14,44423.65,45226.72,45330.35
2025-06-30,44,55.86,62.1,61.97,1362885.0,1723937.57,1909843.83,1902186.79,32449.64,41046.13,45472.47,45290.16
2025-07-01,31,42.86,59.17,62.01,971432.0,1326879.57,1821048.53,1903554.81,23129.33,31592.37,43358.3,45322.73
2025-07-02,60,44.57,58.7,62.47,1848531.0,1378122.43,1807529.83,1917390.71,44012.64,32812.44,43036.42,45652.16
2025-07-03,40,43.71,56.93,62.17,1239976.0,1352937.0,1753858.0,1908390.18,29523.24,32212.78,41758.52,45437.86
2025-07-04,28,42.86,55.67,62.37,876349.0,1326965.71,1715407.47,1914855.16,20865.45,31594.42,40843.04,45591.79
2025-07-05,100,51.57,58.23,62.5,3065673.0,1592278.0,1793479.3,1919032.62,72992.21,37911.38,42701.89,45691.25
2025-07-06,32,47.86,57.23,62.01,999122.0,1480566.86,1763287.67,1904234.41,23788.62,35251.59,41983.04,45338.91
2025-07-07,94,55.0,57.9,61.78,2860318.0,1694485.86,1782763.3,1897083.6,68102.81,40344.9,42446.75,45168.66
2025-07-08,72,60.86,58.47,61.66,2192407.0,1868910.86,1799424.67,1893160.91,52200.17,44497.88,42843.44,45075.26
2025-07-09,68,62.0,57.17,61.32,2084868.0,1902673.29,1760220.13,1883181.84,49639.71,45301.74,41910.0,44837.66
2025-07-10,43,62.43,55.47,60.87,1323436.0,1914596.14,1708815.27,1869397.79,31510.38,45585.62,40686.08,44509.47
2025-07-11,42,64.43,54.8,60.68,1295968.0,1974541.71,1688414.33,1863766.88,30856.38,47012.9,40200.34,44375.4
2025-07-12,98,64.14,55.53,61.19,3016682.0,1967543.0,1711254.73,1879341.76,71825.76,46846.26,40744.16,44746.23
2025-07-13,56,67.57,55.63,61.31,1724541.0,2071174.29,1714235.87,1883124.11,41060.5,49313.67,40815.14,44836.29
2025-07-14,38,59.57,55.6,61.13,1186916.0,1832116.86,1713534.37,1877839.02,28259.9,43621.83,40798.44,44710.45
2025-07-15,119,66.29,56.5,61.79,3633217.0,2037946.86,1740670.77,1897710.76,86505.17,48522.54,41444.54,45183.59
2025-07-16,82,68.29,57.23,62.26,2515136.0,2099413.71,1763020.83,1911920.54,59884.19,49986.04,41976.69,45521.92
2025-07-17,31,66.57,57.0,61.47,964780.0,2048177.14,1755805.47,1888249.86,22970.95,48766.12,41804.89,44958.33
2025-07-18,18,63.14,57.4,60.9,543832.0,1940729.14,1766862.87,1871187.17,12948.38,46207.84,42068.16,44552.08
2025-07-19,49,56.14,55.53,60.7,1527477.0,1727985.57,1710728.77,1865294.83,36368.5,41142.51,40731.64,44411.78
2025-07-20,94,61.57,58.0,61.44,2878157.0,1892787.86,1785597.1,1887936.31,68527.55,45066.38,42514.22,44950.86
2025-07-21,86,68.43,59.63,62.06,2625265.0,2098266.29,1834624.9,1906475.12,62506.31,49958.72,43681.54,45392.26
2025-07-22,52,58.86,60.03,61.36,1607393.0,1808862.86,1846830.43,1885276.38,38271.26,43068.16,43972.15,44887.53
2025-07-23,87,59.57,60.37,61.14,2671260.0,1831166.29,1857343.3,1878948.01,63601.43,43599.2,44222.46,44736.86
2025-07-24,58,63.43,58.23,61.07,1789109.0,1948927.57,1791952.33,1876594.91,42597.83,46403.04,42665.53,44680.83
2025-07-25,73,71.29,59.07,61.06,2240197.0,2191265.43,1816964.53,1876315.31,53338.02,52172.99,43261.06,44674.17
2025-07-26,154,86.29,62.67,62.07,4697293.0,2644096.29,1926331.83,1907109.74,111840.31,62954.67,45865.04,45407.37
2025-07-27,52,80.29,63.27,61.96,1606349.0,2462409.43,1944605.2,1903782.34,38246.4,58628.79,46300.12,45328.15
2025-07-28,72,78.29,64.37,62.6,2207252.0,2402693.29,1977897.37,1923361.41,52553.62,57206.98,47092.79,45794.32
2025-07-29,30,75.14,63.43,62.1,938302.0,2307108.86,1949804.1,1908247.16,22340.52,54931.16,46423.91,45434.46
2025-07-30,70,72.71,64.3,62.31,2146823.0,2232189.29,1975935.37,1914792.04,51114.83,53147.36,47046.08,45590.29
2025-07-31,68,74.14,65.53,62.46,2081274.0,2273927.14,2012930.1,1919044.48,49554.14,54141.12,47926.91,45691.53
2025-08-01,22,66.86,64.27,61.72,696951.0,2053463.43,1974544.1,1897055.1,16594.07,48891.98,47012.95,45167.98
2025-08-02,82,56.57,65.67,62.36,2509249.0,1740885.71,2016853.2,1916178.8,59744.02,41449.66,48020.31,45623.3
2025-08-03,143,69.57,69.5,62.91,4372981.0,2136118.86,2133407.6,1933238.54,104118.6,50859.97,50795.42,46029.49
2025-08-04,107,74.57,69.73,63.72,3257251.0,2286118.71,2139793.53,1957764.28,77553.6,54431.4,50947.46,46613.43
2025-08-05,64,79.43,70.8,63.57,1964283.0,2432687.43,2171965.57,1953085.78,46768.64,57921.13,51713.46,46502.04
2025-08-06,80,80.86,70.33,64.0,2458048.0,2477148.14,2158556.57,1966465.89,58524.95,58979.72,51394.2,46820.62
2025-08-07,69,81.0,70.23,64.29,2123395.0,2483165.43,2156256.17,1975244.82,50557.02,59122.99,51339.43,47029.64
2025-08-08,130,96.43,72.3,65.61,3987565.0,2953253.14,2219679.4,2015987.88,94942.02,70315.55,52849.51,47999.71
2025-08-09,82,96.43,73.6,65.27,2524331.0,2955407.71,2259709.23,2005469.7,60103.12,70366.85,53802.6,47749.28
2025-08-10,73,86.43,74.63,65.79,2240138.0,2650715.86,2291181.57,2021350.22,53336.62,63112.28,54551.94,48127.39
2025-08-11,109,86.71,75.0,65.91,3335210.0,2661852.86,2301799.17,2025016.41,79409.76,63377.45,54804.74,48214.68
2025-08-12,93,90.86,76.23,66.38,2846759.0,2787920.86,2339206.43,2039122.07,67779.98,66379.07,55695.39,48550.52
2025-08-13,46,86.0,76.5,66.56,1428170.0,2640795.43,2347248.23,2044592.87,34004.05,62876.08,55886.86,48680.78
2025-08-14,26,79.86,73.4,66.61,819001.0,2454453.43,2253441.03,2046332.12,19500.02,58439.37,53653.36,48722.19
2025-08-15,127,79.43,74.9,67.33,3872927.0,2438076.57,2298700.73,2068160.38,92212.55,58049.44,54730.97,49241.91
2025-08-16,83,79.57,76.63,66.94,2540603.0,2440401.14,2351228.17,2056364.08,60490.55,58104.79,55981.62,48961.05
2025-08-17,87,81.57,78.93,67.51,2680941.0,2503373.0,2422465.13,2073667.42,63831.93,59604.12,57677.74,49373.03
2025-08-18,45,72.43,78.8,67.77,1387439.0,2225120.0,2417797.2,2081360.1,33034.26,52979.05,57566.6,49556.19
2025-08-19,86,71.43,78.53,67.83,2614450.0,2191933.0,2409006.97,2082969.76,62248.81,52188.88,57357.31,49594.52
2025-08-20,81,76.43,78.37,67.66,2453571.0,2338418.86,2403283.83,2077333.1,58418.36,55676.64,57221.04,49460.31
2025-08-21,27,76.57,77.53,66.58,834084.0,2340573.57,2377506.87,2044815.81,19859.14,55727.94,56607.31,48686.09
2025-08-22,69,68.29,76.93,66.58,2114801.0,2089412.71,2358958.23,2044784.07,50352.4,49747.92,56165.67,48685.33
2025-08-23,105,71.43,78.5,66.99,3210240.0,2185075.14,2406329.27,2057186.52,76434.29,52025.6,57293.55,48980.63
2025-08-24,36,64.14,77.27,66.13,1124581.0,1962738.0,2369142.07,2031279.44,26775.74,46731.86,56408.14,48363.8
2025-08-25,79,69.0,74.77,66.48,2429872.0,2111657.0,2293561.37,2041743.69,57854.1,50277.55,54608.6,48612.94
2025-08-26,60,65.29,75.03,66.87,1852130.0,2002754.14,2301754.07,2053670.96,44098.33,47684.62,54803.67,48896.93
2025-08-27,159,76.43,77.93,68.03,4843059.0,2344109.57,2389614.3,2089188.76,115310.93,55812.13,56895.58,49742.59
2025-08-28,44,78.86,78.4,67.87,1365573.0,2420036.57,2403856.67,2084394.31,32513.64,57619.92,57234.68,49628.44
2025-08-29,39,74.57,77.37,67.92,1205136.0,2290084.43,2372467.1,2086082.1,28693.71,54525.82,56487.31,49668.62
2025-08-30,54,67.29,76.9,67.2,1664698.0,2069292.71,2358581.23,2064186.62,39635.67,49268.87,56156.7,49147.3
2025-08-31,105,77.14,79.67,67.54,3210423.0,2367270.14,2442363.63,2074812.52,76438.64,56363.57,58151.52,49400.3
2025-09-01,33,70.57,78.03,66.88,1031457.0,2167496.57,2393103.9,2054605.03,24558.5,51607.06,56978.66,48919.17
2025-09-02,128,80.29,77.53,67.57,3909125.0,2461353.0,2377642.03,2075485.7,93074.4,58603.64,56610.52,49416.33
2025-09-03,86,69.86,76.83,68.27,2646401.0,2147544.71,2357280.37,2096851.07,63009.55,51132.02,56125.72,49925.02
2025-09-04,49,70.57,76.33,68.12,1511300.0,2168362.86,2342180.93,2092478.06,35983.33,51627.69,55766.21,49820.91
2025-09-05,40,70.71,75.0,67.74,1243085.0,2173784.14,2301682.17,2081000.68,29597.26,51756.76,54801.96,49547.63
2025-09-06,62,71.86,74.77,67.82,1906905.0,2208385.14,2294465.83,2083382.22,45402.5,52580.6,54630.14,49604.34
2025-09-07,58,65.14,72.37,67.28,1787772.0,2005149.29,2221139.4,2067012.98,42566.0,47741.65,52884.27,49214.59
2025-09-08,94,73.86,72.77,67.28,2868868.0,2267636.57,2232623.97,2067049.49,68306.38,53991.35,53157.71,49215.46
2025-09-09,66,65.0,72.53,67.32,2034766.0,1999871.0,2225778.23,2068458.04,48446.81,47615.98,52994.72,49249.0
2025-09-10,114,69.0,72.7,67.74,3482448.0,2119306.29,2230686.17,2081246.69,82915.43,50459.67,53111.58,49553.49
2025-09-11,86,74.29,72.47,68.11,2628093.0,2278848.14,2223397.3,2092279.87,62573.64,54258.29,52938.03,49816.19
2025-09-12,78,79.71,73.53,68.54,2392321.0,2443024.71,2255535.67,2105439.42,56960.02,58167.25,53703.23,50129.51
2025-09-13,63,79.86,74.77,68.22,1928220.0,2446069.71,2292509.63,2095540.48,45910.0,58239.75,54583.56,49893.82
2025-09-14,97,85.43,73.77,68.63,2977890.0,2616086.57,2262675.07,2108132.21,70902.14,62287.77,53873.22,50193.62
2025-09-15,82,83.71,73.73,69.12,2518443.0,2566025.86,2261936.4,2122990.01,59962.93,61095.85,53855.63,50547.38
2025-09-16,75,85.0,73.33,69.89,2274020.0,2600205.0,2248372.37,2145900.12,54143.33,61909.64,53532.67,51092.86
2025-09-17,58,77.0,73.77,69.37,1791404.0,2358627.29,2261837.87,2130121.28,42652.48,56157.79,53853.28,50717.17
2025-09-18,88,77.29,73.83,70.12,2698513.0,2368687.29,2264639.97,2153081.34,64250.31,56397.32,53920.0,51263.84
2025-09-19,55,74.0,72.97,70.32,1689917.0,2268343.86,2239184.83,2159031.19,40236.12,54008.19,53313.92,51405.5
2025-09-20,68,74.71,74.33,70.63,2091611.0,2291685.43,2281102.4,2168479.9,49800.26,54563.94,54311.96,51630.47
2025-09-21,89,73.57,75.0,70.77,2726345.0,2255750.43,2301487.2,2172596.24,64912.98,53708.34,54797.31,51728.48
2025-09-22,88,74.43,74.43,70.39,2656138.0,2275421.14,2283017.13,2160432.91,63241.38,54176.69,54357.55,51438.88
2025-09-23,153,85.57,78.33,71.56,4511656.0,2595083.43,2395919.63,2194008.74,107420.38,61787.7,57045.7,52238.3
2025-09-24,124,95.0,79.83,72.42,3797111.0,2881613.0,2441494.27,2220462.49,90407.4,68609.83,58130.81,52868.15
2025-09-25,34,87.29,78.97,72.42,1051440.0,2646316.86,2414804.6,2220387.96,25034.29,63007.54,57495.35,52866.38
2025-09-26,58,87.71,75.6,72.63,1783769.0,2659724.29,2312828.27,2226779.98,42470.69,63326.77,55067.34,53018.57
2025-09-27,50,85.14,75.8,72.54,1545533.0,2581713.14,2318826.93,2224162.57,36798.4,61469.36,55210.16,52956.25
2025-09-28,65,81.71,76.67,72.78,1987734.0,2476197.29,2344913.53,2231105.33,47327.0,58957.08,55831.27,53121.55
2025-09-29,69,79.0,77.17,73.2,2118001.0,2399320.57,2360023.63,2243844.99,50428.6,57126.68,56191.04,53424.88
2025-09-30,108,72.57,77.27,73.73,3310699.0,2227755.29,2363366.17,2260091.3,78826.17,53041.79,56270.62,53811.7
2025-10-01,90,67.71,79.17,74.29,2757980.0,2079308.0,2420916.93,2276958.01,65666.19,49507.33,57640.88,54213.29
2025-10-02,79,74.14,77.53,74.86,2403048.0,2272394.86,2370714.37,2293921.33,57215.43,54104.64,56445.58,54617.17
2025-10-03,91,78.86,77.7,74.76,2804111.0,2418158.0,2375971.37,2291015.09,66764.55,57575.19,56570.75,54547.98
2025-10-04,52,79.14,77.8,74.98,1598271.0,2425692.0,2378870.4,2297672.3,38054.07,57754.57,56639.77,54706.48
2025-10-05,46,76.43,78.0,74.44,1426777.0,2345555.29,2384993.47,2281744.07,33970.88,55846.56,56785.56,54327.24
2025-10-06,72,76.86,78.33,74.44,2211782.0,2358952.57,2395156.03,2281959.34,52661.48,56165.54,57027.52,54332.36
2025-10-07,69,71.29,78.7,74.46,2133275.0,2190749.14,2406672.8,2282497.2,50792.26,52160.69,57301.73,54345.17
2025-10-08,43,64.57,77.0,74.46,1336767.0,1987718.71,2355602.77,2282645.32,31827.79,47326.64,56085.78,54348.7
2025-10-09,130,71.86,79.13,75.43,3944883.0,2207980.86,2419273.33,2312077.71,93925.79,52570.97,57601.75,55049.47
2025-10-10,93,72.14,78.43,75.38,2829522.0,2211611.0,2397509.13,2309998.16,67369.57,52657.41,57083.55,54999.96
2025-10-11,32,69.29,76.63,75.11,995586.0,2125513.14,2343092.23,2301898.66,23704.43,50607.46,55787.91,54807.11
2025-10-12,26,66.43,74.9,74.98,808889.0,2037243.43,2290311.17,2297698.36,19259.26,48505.8,54531.22,54707.1
2025-10-13,151,77.71,77.83,75.33,4623331.0,2381750.43,2380148.2,2308699.62,110079.31,56708.34,56670.2,54969.04
2025-10-14,118,84.71,78.53,75.73,3591937.0,2590130.71,2400616.43,2320664.08,85522.31,61669.78,57157.53,55253.91
2025-10-15,130,97.14,80.13,76.83,3960521.0,2964952.71,2448685.7,2353950.09,94298.12,70594.11,58302.04,56046.43
2025-10-16,44,84.86,79.1,77.12,1360291.0,2595725.29,2418228.07,2363021.86,32387.88,61802.98,57576.86,56262.42
2025-10-17,63,80.57,79.27,77.28,1935311.0,2467980.86,2423024.97,2367553.34,46078.83,58761.45,57691.07,56370.32
2025-10-18,79,87.29,78.97,77.11,2407936.0,2669745.14,2413339.07,2362328.67,57331.81,63565.36,57460.45,56245.92
2025-10-19,32,88.14,78.2,76.51,999513.0,2696977.14,2390325.6,2344264.76,23797.93,64213.74,56912.51,55815.83
2025-10-20,109,82.14,79.57,77.14,3342902.0,2514058.71,2432035.3,2363548.19,79592.9,59858.54,57905.6,56274.96
2025-10-21,107,80.57,80.17,77.37,3277149.0,2469089.0,2450395.43,2370280.29,78027.36,58787.83,58342.75,56435.24
2025-10-22,122,79.43,81.3,78.08,3737887.0,2437284.14,2486453.73,2391933.38,88997.31,58030.57,59201.28,56950.79
2025-10-23,109,88.71,79.83,78.48,3322640.0,2717619.71,2446819.87,2403960.52,79110.48,64705.23,58257.62,57237.16
2025-10-24,58,88.0,77.63,77.41,1784775.0,2696114.57,2379742.0,2371599.21,42494.64,64193.2,56660.52,56466.65
2025-10-25,98,90.71,79.77,77.92,2988289.0,2779022.14,2444303.63,2386954.1,71149.74,66167.19,58197.71,56832.24
2025-10-26,78,97.29,80.43,77.99,2397437.0,2978725.57,2464759.23,2389067.27,57081.83,70922.04,58684.74,56882.55
2025-10-27,54,89.43,80.57,78.26,1666980.0,2739308.14,2468807.47,2397163.69,39690.0,65221.62,58781.13,57075.33
2025-10-28,75,84.86,80.9,78.31,2309145.0,2601021.86,2479521.17,2398967.27,54979.64,61929.09,59036.22,57118.27
2025-10-29,79,78.71,81.23,78.43,2416526.0,2412256.0,2489472.0,2402692.29,57536.33,57434.67,59273.14,57206.96
2025-10-30,136,82.57,82.17,79.7,4154079.0,2531033.0,2517584.67,2441104.82,98906.64,60262.69,59942.49,58121.54
2025-10-31,26,78.0,80.03,79.08,817690.0,2392878.0,2452908.33,2422309.72,19468.81,56973.28,58402.58,57674.04
2025-11-01,63,73.0,79.5,78.19,1929839.0,2241670.86,2437134.7,2395163.7,45948.55,53373.11,58027.02,57027.71
2025-11-02,112,77.86,80.2,78.24,3410291.0,2386364.29,2457340.7,2396864.14,81197.4,56818.2,58508.11,57068.19
2025-11-03,73,80.57,80.9,78.34,2245815.0,2469055.0,2478925.5,2399992.28,53471.79,58787.02,59022.04,57142.67
2025-11-04,71,80.0,81.73,78.24,2190705.0,2452135.0,2504389.77,2397021.8,52159.64,58384.17,59628.33,57071.95
2025-11-05,139,88.57,83.97,79.02,4255549.0,2714852.57,2572515.33,2420712.4,101322.6,64639.35,61250.37,57636.01
2025-11-06,153,91.0,86.77,79.28,4674636.0,2789217.86,2657227.37,2428346.52,111300.86,66409.95,63267.32,57817.77
2025-11-07,115,103.71,89.17,79.64,3507414.0,3173464.14,2729582.27,2439269.67,83509.86,75558.67,64990.05,58077.85
2025-11-08,62,103.57,86.9,79.52,1908387.0,3170399.57,2661699.07,2435583.54,45437.79,75485.71,63373.79,57990.08
2025-11-09,75,98.29,86.3,79.14,2306118.0,3012660.57,2644252.27,2424149.19,54907.57,71730.02,62958.39,57717.84
2025-11-10,75,98.57,87.73,78.94,2307334.0,3021449.0,2687977.2,2418155.58,54936.52,71939.26,63999.46,57575.13
2025-11-11,114,104.71,90.67,79.7,3489700.0,3207019.71,2777337.57,2441061.47,83088.1,76357.61,66127.09,58120.51
2025-11-12,131,103.57,90.0,80.87,4007670.0,3171608.43,2756815.53,2476491.12,95420.71,75514.49,65638.46,58964.07
2025-11-13,63,90.71,88.17,80.16,1931790.0,2779773.29,2701477.3,2454922.93,45995.0,66185.08,64320.89,58450.55
2025-11-14,123,91.86,87.93,80.6,3768922.0,2817131.57,2695090.67,2468570.92,89736.24,67074.56,64168.83,58775.5
2025-11-15,53,90.57,88.23,80.22,1625759.0,2776756.14,2703939.6,2456846.68,38708.55,66113.24,64379.51,58496.35
2025-11-16,90,92.71,89.13,80.72,2749567.0,2840106.0,2731081.47,2471981.43,65465.88,67621.57,65025.75,58856.7
2025-11-17,91,95.0,89.53,80.78,2783411.0,2908117.0,2743597.3,2473858.78,66271.69,69240.88,65323.75,58901.4
2025-11-18,102,93.29,91.87,81.01,3098185.0,2852186.29,2813553.03,2481021.16,73766.31,67909.2,66989.36,59071.93
2025-11-19,89,87.29,91.2,81.7,2723924.0,2668794.0,2792920.43,2502019.38,64855.33,63542.71,66498.11,59571.89
2025-11-20,162,101.43,93.03,82.73,4933308.0,3097582.29,2848125.73,2533336.12,117459.71,73751.96,67812.52,60317.53
2025-11-21,90,96.71,91.97,82.57,2752801.0,2952422.14,2815289.53,2528253.47,65542.88,70295.76,67030.7,60196.51
2025-11-22,117,105.86,92.23,83.47,3573244.0,3230634.29,2823643.0,2555460.83,85077.24,76919.86,67229.6,60844.31
2025-11-23,58,101.29,92.23,83.23,1782818.0,3092527.29,2823577.77,2548271.34,42448.05,73631.6,67228.04,60673.13
2025-11-24,83,100.14,91.73,83.49,2548148.0,3058918.29,2808906.4,2556004.88,60670.19,72831.39,66878.72,60857.26
2025-11-25,64,94.71,91.27,82.43,1968169.0,2897487.43,2794597.47,2524061.66,46861.17,68987.8,66538.04,60096.71
2025-11-26,121,99.29,93.5,83.29,3696581.0,3036438.43,2862250.83,2549961.74,88013.83,72296.15,68148.83,60713.37
2025-11-27,97,90.0,94.23,83.93,2982127.0,2757698.29,2884683.57,2569706.09,71003.02,65659.48,68682.94,61183.48
2025-11-28,65,86.43,93.77,84.06,2003485.0,2650653.14,2870915.53,2573470.39,47702.02,63110.79,68355.13,61273.1
2025-11-29,173,94.43,95.0,84.81,5258890.0,2891459.71,2907742.57,2596231.13,125211.67,68844.28,69231.97,61815.03
2025-11-30,127,104.29,98.37,85.86,3889124.0,3192360.57,3010123.7,2627982.99,92598.19,76008.58,71669.61,62571.02
2025-12-01,24,95.86,97.07,84.7,751912.0,2935755.43,2970859.47,2592902.84,17902.67,69898.94,70734.75,61735.78
2025-12-02,67,96.29,95.57,84.49,2044964.0,2946726.14,2925348.57,2586220.21,48689.62,70160.15,69651.16,61576.67
2025-12-03,59,87.43,95.1,84.6,1821373.0,2678839.29,2911200.5,2589665.47,43366.02,63781.89,69314.3,61658.7
2025-12-04,32,78.14,93.8,84.51,1001218.0,2395852.29,2871550.93,2586978.06,23838.52,57044.1,68370.26,61594.72
2025-12-05,59,77.29,91.13,84.48,1818509.0,2369427.14,2790316.27,2585995.88,43297.83,56414.93,66436.1,61571.33
2025-12-06,50,59.71,87.7,84.39,1550929.0,1839718.43,2686192.7,2583364.29,36926.88,43802.82,63956.97,61508.67
2025-12-07,103,56.29,87.3,84.49,3158908.0,1735401.86,2674575.83,2586586.96,75212.1,41319.09,63680.38,61585.4
2025-12-08,139,72.71,89.87,85.3,4240521.0,2233774.57,2752313.63,2611095.34,100964.79,53185.11,65531.28,62168.94
2025-12-09,91,76.14,90.4,85.04,2786232.0,2339670.0,2768317.43,2603359.61,66338.86,55706.43,65912.32,61984.75
2025-12-10,54,75.43,89.7,84.69,1670328.0,2318092.14,2747083.9,2592717.78,39769.71,55192.67,65406.76,61731.38
2025-12-11,106,86.0,89.43,85.0,3250709.0,2639448.0,2739117.53,2602255.42,77397.83,62844.0,65217.08,61958.46
2025-12-12,92,90.71,88.13,85.32,2808773.0,2780914.29,2699154.3,2612039.34,66875.55,66212.25,64265.58,62191.41
2025-12-13,87,96.0,88.93,85.21,2670330.0,2940828.71,2723772.3,2608622.01,63579.29,70019.73,64851.72,62110.05
2025-12-14,62,90.14,86.9,84.99,1916762.0,2763379.29,2662033.63,2601936.67,45637.19,65794.75,63381.75,61950.87
2025-12-15,72,80.57,87.53,84.96,2203863.0,2472428.14,2681303.77,2601157.14,52472.93,58867.34,63840.57,61932.31
2025-12-16,124,85.29,88.67,85.69,3792412.0,2616168.14,2716065.27,2623390.57,90295.52,62289.72,64668.22,62461.68
2025-12-17,83,89.43,88.4,85.63,2557467.0,2742902.29,2708533.8,2621823.39,60892.07,65307.2,64488.9,62424.37
2025-12-18,19,77.0,85.63,85.23,594269.0,2363410.86,2625069.93,2609649.52,14149.26,56271.69,62501.66,62134.51
2025-12-19,56,71.86,84.53,85.1,1729757.0,2209265.71,2591931.03,2605628.92,41184.69,52601.56,61712.64,62038.78
2025-12-20,57,67.57,81.03,84.74,1754901.0,2078490.14,2485984.13,2594835.1,41783.36,49487.86,59190.1,61781.79
2025-12-21,82,70.43,80.77,84.68,2521009.0,2164811.14,2478257.73,2593333.67,60024.02,51543.12,59006.14,61746.04
2025-12-22,231,93.14,84.57,85.54,7016614.0,2852347.0,2593036.73,2621166.53,167062.24,67913.02,61738.97,62408.73
2025-12-23,87,87.86,85.53,85.13,2679995.0,2693430.29,2622942.63,2608754.13,63809.4,64129.29,62451.01,62113.19
2025-12-24,47,82.71,84.33,85.28,1455220.0,2535966.43,2586511.7,2613240.58,34648.1,60380.15,61583.61,62220.01
2025-12-25,56,88.0,84.07,85.26,1720435.0,2696847.29,2578253.9,2612536.87,40962.74,64210.65,61387.0,62203.26
2025-12-26,32,84.57,81.1,85.06,1001917.0,2592870.14,2488431.77,2606496.69,23855.17,61735.0,59248.38,62059.45
2025-12-27,84,88.43,80.67,85.27,2548815.0,2706286.43,2473988.03,2612730.92,60686.07,64435.39,58904.48,62207.88
2025-12-28,116,93.29,82.37,85.79,3537586.0,2851511.71,2525124.73,2628504.09,84228.24,67893.14,60122.02,62583.43
2025-12-29,86,72.57,79.47,85.54,2612829.0,2222399.57,2436922.7,2620749.98,62210.21,52914.28,58021.97,62398.81
2025-12-30,69,70.0,77.53,85.31,2118334.0,2142162.29,2377896.37,2613642.8,50436.52,51003.86,56616.58,62229.59
2025-12-31,84,75.29,79.53,85.37,2571353.0,2301609.86,2438544.4,2615512.86,61222.69,54800.23,58060.58,62274.12
2026-01-01,91,80.29,80.33,85.37,2768737.0,2451367.29,2462670.17,2615119.81,65922.31,58365.89,58635.0,62264.76
2026-01-02,56,83.71,80.23,85.41,1724866.0,2554645.71,2459453.27,2616526.42,41068.24,60824.9,58558.41,62298.25
2026-01-03,85,83.86,82.0,85.84,2608425.0,2563161.43,2513026.83,2629655.84,62105.36,61027.65,59833.97,62610.85
2026-01-04,212,97.57,87.1,87.4,6457721.0,2980323.57,2667667.23,2676832.94,153755.26,70960.08,63515.89,63734.12
2026-01-05,52,92.71,87.17,87.21,1605291.0,2836389.57,2669479.3,2670966.46,38221.21,67533.08,63559.03,63594.44
2026-01-06,90,95.71,86.73,87.73,2743652.0,2925720.71,2655637.43,2686598.51,65325.05,69660.02,63229.46,63966.63
2026-01-07,91,96.71,85.13,87.3,2788088.0,2956682.86,2607223.0,2673745.23,66383.05,70397.21,62076.74,63660.6
2026-01-08,77,94.71,84.67,87.12,2355328.0,2897624.43,2592859.53,2668476.41,56079.24,68991.06,61734.75,63535.15
2026-01-09,26,90.43,83.73,87.06,809736.0,2766891.57,2564173.13,2666411.41,19279.43,65878.37,61051.74,63485.99
2026-01-10,178,103.71,86.13,88.74,5408436.0,3166893.14,2636097.37,2717517.49,128772.29,75402.22,62764.22,64702.8
2026-01-11,99,87.57,86.37,88.17,3023875.0,2676343.71,2643267.43,2699745.76,71997.02,63722.47,62934.94,64279.66
2026-01-12,86,92.43,86.33,87.81,2623053.0,2821738.29,2641691.53,2688980.38,62453.64,67184.25,62897.42,64023.34
2026-01-13,76,90.43,86.8,87.21,2342193.0,2764387.0,2655872.57,2670998.96,55766.5,65818.74,63235.06,63595.21
2026-01-14,113,93.57,88.17,87.98,3452886.0,2859358.14,2697506.67,2694250.01,82211.57,68079.96,64226.35,64148.81
2026-01-15,71,92.71,86.4,88.07,2180909.0,2834441.14,2643789.9,2696978.88,51926.4,67486.69,62947.38,64213.78
2026-01-16,62,97.86,85.7,87.88,1909890.0,2991606.0,2622204.0,2691445.03,45473.57,71228.71,62433.43,64082.02
2026-01-17,60,81.0,87.07,88.19,1851408.0,2483459.14,2664108.63,2700910.53,44081.14,59129.98,63431.16,64307.39
2026-01-18,102,81.43,88.6,88.11,3129739.0,2498582.57,2710774.7,2698542.06,74517.6,59490.06,64542.25,64251.0
2026-01-19,156,91.43,91.9,88.66,4776324.0,2806192.71,2811488.8,2715199.56,113722.0,66814.11,66940.21,64647.61
2026-01-20,51,87.86,90.87,87.87,1557522.0,2694096.86,2779372.57,2690973.28,37083.86,64145.16,66175.54,64070.79
2026-01-21,111,87.57,86.87,87.89,3397688.0,2686211.43,2658741.7,2691807.14,80897.33,63957.41,63303.37,64090.65
2026-01-22,102,92.0,87.37,88.38,3118463.0,2820147.71,2673357.3,2706625.9,74249.12,67146.37,63651.36,64443.47
2026-01-23,105,98.14,89.3,88.46,3216817.0,3006851.57,2732077.2,2709165.1,76590.88,71591.7,65049.46,64503.93
2026-01-24,38,95.0,88.7,88.01,1188146.0,2912099.86,2714334.23,2695728.53,28289.19,69335.71,64627.01,64184.01
2026-01-25,76,91.29,90.17,88.26,2343132.0,2799727.43,2759041.4,2703241.33,55788.86,66660.18,65691.46,64362.89
2026-01-26,86,81.29,90.23,88.38,2612374.0,2490591.71,2761160.03,2706610.54,62199.38,59299.8,65741.91,64443.11
2026-01-27,99,88.14,89.67,88.6,3035733.0,2701764.71,2744431.6,2713490.62,72279.36,64327.73,65343.61,64606.92
2026-01-28,59,80.71,88.77,87.74,1808893.0,2474794.0,2717633.73,2687433.0,43068.88,58923.67,64705.56,63986.5
2026-01-29,20,69.0,87.13,87.68,625395.0,2118641.43,2667869.1,2685296.39,14890.36,50443.84,63520.69,63935.63
2026-01-30,53,61.57,86.1,87.57,1639420.0,1893299.0,2636804.67,2682069.51,39033.81,45078.55,62781.06,63858.8
2026-01-31,56,64.14,84.93,86.94,1730829.0,1970825.14,2602207.73,2663408.82,41210.21,46924.41,61957.33,63414.5
2026-02-01,90,66.14,86.07,87.13,2758158.0,2030114.57,2636650.8,2669101.52,65670.43,48336.06,62777.4,63550.04
2026-02-02,115,70.29,87.07,87.62,3494302.0,2156104.29,2666180.03,2683585.93,83197.67,51335.82,63480.48,63894.9
2026-02-03,151,77.71,85.03,87.76,4602710.0,2379958.14,2604346.33,2687443.28,109588.33,56665.67,62008.25,63986.74
2026-02-04,67,78.86,85.53,86.8,2059091.0,2415700.71,2619473.0,2658381.67,49025.98,57516.68,62368.41,63294.8
2026-02-05,49,83.0,84.17,86.07,1497654.0,2540309.14,2577939.73,2636051.0,35658.43,60483.55,61379.52,62763.12
2026-02-06,38,80.86,82.4,85.8,1171414.0,2473451.14,2524050.6,2627862.41,27890.81,58891.69,60096.44,62568.15
2026-02-07,71,83.0,82.2,85.76,2178605.0,2537419.14,2518159.83,2626445.6,51871.55,60414.74,59956.19,62534.42
2026-02-08,68,79.86,83.6,85.68,2091114.0,2442127.14,2560872.43,2624043.16,49788.43,58145.89,60973.15,62477.22
2026-02-09,51,70.71,79.37,84.98,1565913.0,2166643.0,2432788.33,2602667.74,37283.64,51586.74,57923.53,61968.28
2026-02-10,62,58.0,78.13,84.21,1917545.0,1783048.0,2395910.67,2579444.13,45655.83,42453.52,57045.49,61415.34
2026-02-11,97,62.29,78.5,84.59,2982596.0,1914977.29,2407895.43,2591119.76,71014.19,45594.7,57330.84,61693.33
2026-02-12,40,61.0,77.3,83.67,1236939.0,1877732.29,2371053.63,2562986.61,29450.93,44707.91,56453.66,61023.49
2026-02-13,109,71.14,77.17,84.29,3322324.0,2185005.14,2366701.57,2581837.33,79102.95,52023.93,56350.04,61472.32
2026-02-14,133,80.0,79.23,84.77,4056744.0,2453310.71,2429229.4,2596361.52,96589.14,58412.16,57838.8,61818.13
2026-02-15,90,83.14,80.17,84.76,2751915.0,2547710.86,2457296.9,2596011.57,65521.79,60659.78,58507.07,61809.8
2026-02-16,119,92.86,82.13,84.94,3637117.0,2843597.14,2516820.53,2601999.7,86598.02,67704.69,59924.3,61952.37
2026-02-17,90,96.86,81.73,84.96,2752450.0,2962869.29,2504244.23,2602316.66,65534.52,70544.51,59624.86,61959.92
2026-02-18,67,92.57,78.77,83.9,2071741.0,2832747.14,2414091.47,2570521.47,49327.17,67446.36,57478.37,61202.89
2026-02-19,114,103.14,80.87,84.17,3472707.0,3152142.57,2477930.97,2578520.42,82683.5,75051.01,58998.36,61393.34
2026-02-20,38,93.0,78.43,83.29,1173809.0,2845211.86,2403801.67,2551860.03,27947.83,67743.14,57233.37,60758.57
2026-02-21,101,88.43,78.4,83.77,3080571.0,2705758.57,2402538.6,2566279.51,73346.93,64422.82,57203.3,61101.89
2026-02-22,89,88.29,77.87,83.83,2720215.0,2701230.0,2385985.2,2568191.37,64767.02,64315.0,56809.17,61147.41
2026-02-23,81,82.86,79.3,84.02,2477749.0,2535606.0,2428971.97,2573853.37,58994.02,60371.57,57832.67,61282.22
2026-02-24,59,78.43,78.73,83.33,1826350.0,2403306.0,2411745.9,2553073.02,43484.52,57221.57,57422.52,60787.45
2026-02-25,88,81.43,78.8,83.23,2706263.0,2493952.0,2414875.53,2550007.87,64434.83,59379.81,57497.04,60714.47
2026-02-26,48,72.0,77.1,83.04,1485458.0,2210059.29,2363199.7,2544252.01,35368.05,52620.46,56266.66,60577.43
2026-02-27,106,81.71,78.67,82.3,3222424.0,2502718.57,2410317.4,2521624.61,76724.38,59588.54,57388.51,60038.68
2026-02-28,143,87.71,82.77,82.48,4335689.0,2682021.14,2533993.87,2526586.44,103230.69,63857.64,60333.19,60156.82
2026-03-01,56,83.0,82.87,82.83,1723213.0,2539592.29,2536786.97,2537378.68,41028.88,60466.48,60399.69,60413.78
2026-03-02,115,87.86,84.83,83.37,3516842.0,2688034.14,2596320.73,2553732.88,83734.33,64000.81,61817.16,60803.16
2026-03-03,119,96.43,85.8,84.03,3622754.0,2944663.29,2625140.6,2573748.22,86256.05,70111.03,62503.35,61279.72
2026-03-04,153,105.71,87.07,85.38,4664334.0,3224387.71,2664141.67,2614449.51,111055.57,76771.14,63431.94,62248.8
2026-03-05,38,104.29,83.3,85.14,1161540.0,3178113.71,2549436.0,2607149.86,27655.71,75669.37,60700.86,62075.0
2026-03-06,80,100.57,83.73,85.48,2448331.0,3067529.0,2562410.67,2617120.99,58293.6,73036.4,61009.78,62312.4
2026-03-07,79,91.43,84.73,85.21,2413048.0,2792866.0,2592923.8,2608833.66,57453.52,66496.81,61736.28,62115.09
2026-03-08,87,95.86,86.37,84.63,2651421.0,2925467.14,2642257.37,2591176.99,63129.07,69653.98,62910.89,61694.69
2026-03-09,100,93.71,87.33,84.73,3051045.0,2858924.71,2671338.7,2594119.36,72643.93,68069.64,63603.3,61764.75
2026-03-10,133,95.71,89.5,85.61,4070689.0,2922915.43,2737324.53,2620790.03,96921.17,69593.22,65174.39,62399.76
2026-03-11,127,92.0,92.03,85.84,3894071.0,2812877.86,2814929.8,2627938.5,92715.98,66973.28,67022.14,62569.96
2026-03-12,61,95.29,92.0,85.5,1870210.0,2914116.43,2813351.97,2617510.02,44528.81,69383.73,66984.57,62321.67
2026-03-13,39,89.43,90.07,84.97,1192431.0,2734702.14,2753679.8,2601088.92,28391.21,65111.96,65563.8,61930.69
2026-03-14,61,86.86,90.77,84.96,1861698.0,2655937.86,2774505.1,2600477.1,44326.14,63236.62,66059.64,61916.12
2026-03-15,137,94.0,91.7,85.68,4163752.0,2871985.14,2802552.7,2622253.64,99136.95,68380.6,66727.44,62434.61
2026-03-16,185,106.14,93.43,86.36,5652585.0,3243633.71,2855747.4,2642922.23,134585.36,77229.37,67993.98,62926.72
