date,car_count,filled_count,un1170_count,un1987_count,total_gallons,un1170_gallons,un1987_gallons,total_barrels,un1170_barrels,un1987_barrels,car_count_7d_avg,car_count_14d_avg,car_count_30d_avg,un1170_count_7d_avg,un1170_count_14d_avg,un1170_count_30d_avg,un1987_count_7d_avg,un1987_count_14d_avg,un1987_count_30d_avg,total_gallons_7d_avg,total_gallons_14d_avg,total_gallons_30d_avg,un1170_gallons_7d_avg,un1170_gallons_14d_avg,un1170_gallons_30d_avg,un1987_gallons_7d_avg,un1987_gallons_14d_avg,un1987_gallons_30d_avg,total_barrels_7d_avg,total_barrels_14d_avg,total_barrels_30d_avg,un1170_barrels_7d_avg,un1170_barrels_14d_avg,un1170_barrels_30d_avg,un1987_barrels_7d_avg,un1987_barrels_14d_avg,un1987_barrels_30d_avg
2025-06-01,456,1,6,454,14007594.0,170082.0,13837512.0,333514.14,4049.57,329464.57,456.0,456.0,456.0,6.0,6.0,6.0,454.0,454.0,454.0,14007594.0,14007594.0,14007594.0,170082.0,170082.0,170082.0,13837512.0,13837512.0,13837512.0,333514.14,333514.14,333514.14,4049.57,4049.57,4049.57,329464.57,329464.57,329464.57
2025-06-02,297,0,6,294,9126749.0,176660.0,8950089.0,217303.55,4206.19,213097.36,376.5,376.5,376.5,6.0,6.0,6.0,374.0,374.0,374.0,11567171.5,11567171.5,11567171.5,173371.0,173371.0,173371.0,11393800.5,11393800.5,11393800.5,275408.84,275408.84,275408.84,4127.88,4127.88,4127.88,271280.96,271280.96,271280.96
2025-06-03,252,9,11,244,7777105.0,335850.0,7441255.0,185169.17,7996.43,177172.74,335.0,335.0,335.0,7.67,7.67,7.67,330.67,330.67,330.67,10303816.0,10303816.0,10303816.0,227530.67,227530.67,227530.67,10076285.33,10076285.33,10076285.33,245328.95,245328.95,245328.95,5417.4,5417.4,5417.4,239911.56,239911.56,239911.56
2025-06-04,356,1,8,351,10928884.0,235568.0,10693316.0,260211.52,5608.76,254602.76,340.25,340.25,340.25,7.75,7.75,7.75,335.75,335.75,335.75,10460083.0,10460083.0,10460083.0,229540.0,229540.0,229540.0,10230543.0,10230543.0,10230543.0,249049.6,249049.6,249049.6,5465.24,5465.24,5465.24,243584.36,243584.36,243584.36
2025-06-05,308,1,6,305,9480838.0,182090.0,9298748.0,225734.24,4335.48,221398.76,333.8,333.8,333.8,7.4,7.4,7.4,329.6,329.6,329.6,10264234.0,10264234.0,10264234.0,220050.0,220050.0,220050.0,10044184.0,10044184.0,10044184.0,244386.52,244386.52,244386.52,5239.29,5239.29,5239.29,239147.24,239147.24,239147.24
2025-06-06,222,15,20,206,6770964.0,498748.0,6272216.0,161213.43,11874.95,149338.48,315.17,315.17,315.17,9.5,9.5,9.5,309.0,309.0,309.0,9682022.33,9682022.33,9682022.33,266499.67,266499.67,266499.67,9415522.67,9415522.67,9415522.67,230524.34,230524.34,230524.34,6345.23,6345.23,6345.23,224179.11,224179.11,224179.11
2025-06-07,462,29,32,434,14148974.0,949580.0,13199394.0,336880.33,22609.05,314271.29,336.14,336.14,336.14,12.71,12.71,12.71,326.86,326.86,326.86,10320158.29,10320158.29,10320158.29,364082.57,364082.57,364082.57,9956075.71,9956075.71,9956075.71,245718.05,245718.05,245718.05,8668.63,8668.63,8668.63,237049.42,237049.42,237049.42
2025-06-08,475,2,3,476,14515412.0,89400.0,14426012.0,345605.05,2128.57,343476.48,338.86,353.5,353.5,12.29,11.5,11.5,330.0,345.5,345.5,10392703.71,10844565.0,10844565.0,352556.57,329747.25,329747.25,10040147.14,10514817.75,10514817.75,247445.33,258203.93,258203.93,8394.2,7851.12,7851.12,239051.12,250352.8,250352.8
2025-06-09,274,29,97,181,8402474.0,2925103.0,5477371.0,200058.9,69645.31,130413.6,335.57,344.67,344.67,25.29,21.0,21.0,313.86,327.22,327.22,10289235.86,10573221.56,10573221.56,745191.29,618120.11,618120.11,9544044.57,9955101.44,9955101.44,244981.81,251743.37,251743.37,17742.65,14717.15,14717.15,227239.16,237026.23,237026.23
2025-06-10,461,9,15,449,14086463.0,456050.0,13630413.0,335391.98,10858.33,324533.64,365.43,356.3,356.3,25.86,20.4,20.4,343.14,339.4,339.4,11190572.71,10924545.7,10924545.7,762362.71,601913.1,601913.1,10428210.0,10322632.6,10322632.6,266442.21,260108.23,260108.23,18151.49,14331.26,14331.26,248290.72,245776.97,245776.97
2025-06-11,180,2,5,178,5557657.0,150228.0,5407429.0,132325.17,3576.86,128748.31,340.29,340.27,340.27,25.43,19.0,19.0,318.43,324.73,324.73,10423254.57,10436646.73,10436646.73,750171.29,560850.82,560850.82,9673083.29,9875795.91,9875795.91,248172.73,248491.59,248491.59,17861.22,13353.59,13353.59,230311.51,235138.0,235138.0
2025-06-12,331,1,8,326,10174644.0,242150.0,9932494.0,242253.43,5765.48,236487.95,343.57,339.5,339.5,25.71,18.08,18.08,321.43,324.83,324.83,10522369.71,10414813.17,10414813.17,758751.29,534292.42,534292.42,9763618.43,9880520.75,9880520.75,250532.61,247971.74,247971.74,18065.51,12721.25,12721.25,232467.11,235250.5,235250.5
2025-06-13,416,5,7,411,12692210.0,211680.0,12480530.0,302195.48,5040.0,297155.48,371.29,345.38,345.38,23.86,17.23,17.23,350.71,331.46,331.46,11368262.0,10589997.54,10589997.54,717741.57,509476.08,509476.08,10650520.43,10080521.46,10080521.46,270672.91,252142.8,252142.8,17089.09,12130.38,12130.38,253583.82,240012.42,240012.42
2025-06-14,263,2,12,254,8114084.0,362050.0,7752034.0,193192.48,8620.24,184572.24,342.86,339.5,339.5,21.0,16.86,16.86,325.0,325.93,325.93,10506134.86,10413146.57,10413146.57,633808.71,498945.64,498945.64,9872326.14,9914200.93,9914200.93,250146.07,247932.06,247932.06,15090.68,11879.66,11879.66,235055.39,236052.4,236052.4
2025-06-15,726,44,46,683,22103254.0,1397845.0,20705409.0,526267.95,33282.02,492985.93,378.71,358.79,365.27,27.14,19.71,18.8,354.57,342.29,349.73,11590112.29,10991408.0,11192487.07,820729.43,586643.0,558872.27,10769382.86,10404765.0,10633614.8,275955.06,261700.19,266487.79,19541.18,13967.69,13306.48,256413.88,247732.5,253181.31
2025-06-16,368,11,17,354,11285316.0,516970.0,10768346.0,268698.0,12308.81,256389.19,392.14,363.86,365.44,15.71,20.5,18.69,379.29,346.57,350.0,12001946.86,11145591.36,11198288.88,476710.43,610950.86,556253.38,11525236.43,10534640.5,10642035.5,285760.64,265371.22,266625.93,11350.25,14546.45,13244.13,274410.39,250824.77,253381.8
2025-06-17,121,0,7,116,3733048.0,210600.0,3522448.0,88882.1,5014.29,83867.81,343.57,354.5,351.06,14.57,20.21,18.0,331.71,337.43,336.24,10522887.57,10856730.14,10759157.06,441646.14,602004.43,535920.82,10081241.43,10254725.71,10223236.24,250544.94,258493.58,256170.41,10515.39,14333.44,12760.02,240029.56,244160.14,243410.39
2025-06-18,473,6,13,463,14401107.0,389521.0,14011586.0,342883.5,9274.31,333609.19,385.43,362.86,357.83,15.71,20.57,17.72,372.43,345.43,343.28,11786237.57,11104746.07,10961487.61,475830.86,613001.07,527787.5,11310406.71,10491745.0,10433700.11,280624.71,264398.72,260987.8,11329.31,14595.26,12566.37,269295.4,249803.45,248421.43
2025-06-19,134,4,16,121,4143487.0,469632.0,3673855.0,98654.45,11181.71,87472.74,357.29,350.43,346.05,16.86,21.29,17.63,343.14,332.29,331.58,10924643.71,10723506.71,10602645.47,508328.29,633539.79,524726.68,10416315.43,10089966.93,10077918.79,260110.57,255321.59,252443.94,12103.05,15084.28,12493.49,248007.51,240237.31,239950.45
2025-06-20,261,21,83,182,8024995.0,2503645.0,5521350.0,191071.31,59610.6,131460.71,335.14,353.21,341.8,27.71,25.79,20.9,310.43,330.57,324.1,10257898.71,10813080.36,10473762.95,835751.86,776746.71,623672.6,9422146.86,10036333.64,9850090.35,244235.68,257454.3,249375.31,19898.85,18493.97,14849.35,224336.83,238960.33,234525.96
2025-06-21,374,3,8,369,11437883.0,241860.0,11196023.0,272330.55,5758.57,266571.98,351.0,346.93,343.33,27.14,24.07,20.29,326.86,325.93,326.24,10732727.14,10619431.0,10519673.43,818581.86,726195.29,605491.05,9914145.29,9893235.71,9914182.38,255541.12,252843.6,250468.42,19490.04,17290.36,14416.45,236051.08,235553.23,236051.96
2025-06-22,419,5,12,410,12782771.0,338056.0,12444715.0,304351.69,8048.95,296302.74,307.14,342.93,346.77,22.29,24.71,19.91,287.86,321.21,330.05,9401229.57,10495670.93,10622541.5,667183.43,743956.43,593334.91,8734046.14,9751714.5,10029206.59,223838.8,249896.93,252917.66,15885.32,17713.25,14127.02,207953.48,232183.68,238790.63
2025-06-23,593,1,6,590,18086878.0,181130.0,17905748.0,430639.95,4312.62,426327.33,339.29,365.71,357.48,20.71,18.21,19.3,321.57,350.43,341.35,10372881.29,11187414.07,10947077.87,619206.29,547958.36,575412.96,9753675.0,10639455.71,10371664.91,246973.36,266367.0,260644.71,14743.01,13046.63,13700.31,232230.36,253320.37,246944.4
2025-06-24,395,21,28,370,12066704.0,847858.0,11218846.0,287302.48,20187.1,267115.38,378.43,361.0,359.04,23.71,19.14,19.67,357.86,344.79,342.54,11563403.57,11043145.57,10993728.96,710243.14,575944.64,586764.83,10853160.43,10467200.93,10406964.12,275319.13,262932.04,261755.45,16910.55,13712.97,13970.59,258408.58,249219.07,247784.86
2025-06-25,472,8,11,465,14438682.0,330418.0,14108264.0,343778.14,7867.1,335911.05,378.29,381.86,363.56,23.43,19.57,19.32,358.14,365.29,347.44,11568771.43,11677504.5,11131527.08,701799.86,588815.36,576510.96,10866971.57,11088689.14,10555016.12,275446.94,278035.82,265036.36,16709.52,14019.41,13726.45,258737.42,264016.41,251309.91
2025-06-26,206,3,6,202,6303355.0,162341.0,6141014.0,150079.88,3865.26,146214.62,388.57,372.93,357.5,22.0,19.43,18.81,369.71,356.43,341.85,11877324.0,11400983.86,10945828.15,657901.14,583114.71,560581.35,11219422.86,10817869.14,10385246.81,282793.43,271452.0,260614.96,15664.31,13883.68,13347.18,267129.12,257568.31,247267.78
2025-06-27,136,6,8,130,4154182.0,222650.0,3931532.0,98909.1,5301.19,93607.9,370.71,352.93,349.3,11.29,19.5,18.41,362.29,336.36,334.0,11324350.71,10791124.71,10694285.7,332044.71,583898.29,548065.37,10992306.0,10207226.43,10146220.33,269627.4,256931.54,254625.85,7905.83,13902.34,13049.18,261721.57,243029.2,241576.68
2025-06-28,611,15,18,596,18637974.0,541030.0,18096944.0,443761.29,12881.67,430879.62,404.57,377.79,358.64,12.71,19.93,18.39,394.71,360.79,343.36,12352935.14,11542831.14,10977988.86,374783.29,596682.57,547814.11,11978151.86,10946148.57,10430174.75,294117.5,274829.31,261380.69,8923.41,14206.73,13043.19,285194.09,260622.59,248337.49
2025-06-29,548,8,10,541,16659847.0,222871.0,16436976.0,396663.02,5306.45,391356.57,423.0,365.07,365.17,12.43,17.36,18.1,413.43,350.64,350.17,12906803.14,11154016.36,11173915.0,358328.29,512755.86,536609.17,12548474.86,10641260.5,10637305.83,307304.84,265571.82,266045.6,8531.63,12208.47,12776.41,298773.21,253363.34,253269.19
2025-06-30,246,4,5,244,7530759.0,151017.0,7379742.0,179303.79,3595.64,175708.14,373.43,356.36,361.2,12.29,16.5,17.67,364.0,342.79,346.63,11398786.14,10885833.71,11052476.47,354026.43,486616.36,523756.1,11044759.71,10399217.36,10528720.37,271399.67,259186.52,263154.2,8429.2,11586.1,12470.38,262970.47,247600.41,250683.82
2025-07-01,569,18,30,543,17366345.0,846044.0,16520301.0,413484.4,20143.9,393340.5,398.29,388.36,364.97,12.57,18.14,18.47,388.71,373.29,349.6,12155877.71,11859640.64,11164434.83,353767.29,532005.21,546288.17,11802110.43,11327635.43,10618146.67,289425.66,282372.4,265819.88,8423.03,12666.79,13006.86,281002.63,269705.61,252813.02
2025-07-02,206,3,4,204,6304191.0,110672.0,6193519.0,150099.79,2635.05,147464.74,360.29,369.29,361.93,11.57,17.5,18.4,351.43,354.79,346.6,10993807.57,11281289.5,11070349.57,322375.0,512087.43,544088.57,10671432.57,10769202.07,10526261.0,261757.32,268602.13,263579.75,7675.59,12192.56,12954.49,254081.73,256409.57,250625.26
2025-07-03,409,35,43,370,12516728.0,1298799.0,11217929.0,298017.33,30923.79,267093.55,389.29,388.93,367.17,16.86,19.43,19.47,375.43,372.57,350.8,11881432.29,11879378.14,11228337.0,484726.14,571313.64,576186.87,11396706.14,11308064.5,10652150.13,282891.25,282842.34,267341.36,11541.1,13602.71,13718.74,271350.15,269239.63,253622.62
2025-07-04,382,7,9,376,11708088.0,261777.0,11446311.0,278764.0,6232.79,272531.21,424.43,397.57,368.03,17.0,14.14,19.5,410.57,386.43,351.63,12960561.71,12142456.21,11254310.47,490315.71,411180.21,577060.5,12470246.0,11731276.0,10677249.97,308584.8,289106.1,267959.77,11674.18,9790.01,13739.54,296910.62,279316.1,254220.24
2025-07-05,252,24,35,220,7756129.0,1061138.0,6694991.0,184669.74,25265.19,159404.55,373.14,388.86,366.17,19.43,16.07,20.47,356.86,375.79,348.8,11406012.43,11879473.79,11196820.17,564616.86,469700.07,606362.1,10841395.57,11409773.71,10590458.07,271571.72,282844.61,266590.96,13443.26,11183.34,14437.19,258128.47,271661.28,252153.76
2025-07-06,335,1,2,336,10286389.0,60870.0,10225519.0,244914.02,1449.29,243464.74,342.71,382.86,369.93,18.29,15.36,19.87,327.57,370.5,353.13,10495518.43,11701160.79,11314001.0,541473.86,449901.07,591766.17,9954044.57,11251259.71,10722234.83,249893.3,278599.07,269380.98,12892.24,10711.93,14089.67,237001.06,267887.14,255291.31
2025-07-07,83,1,6,79,2585124.0,180680.0,2404444.0,61550.57,4301.9,57248.67,319.43,346.43,357.3,18.43,15.36,19.0,304.0,334.0,341.3,9788999.14,10593892.64,10928539.33,545711.43,449868.93,566136.17,9243287.71,10144023.71,10362403.17,233071.41,252235.54,260203.32,12993.13,10711.17,13479.43,220078.28,241524.37,246723.89
2025-07-08,208,0,5,206,6395662.0,151310.0,6244352.0,152277.67,3602.62,148675.05,267.86,333.07,348.4,14.86,13.71,19.07,255.86,322.29,332.3,8221758.71,10188818.21,10657881.0,446463.71,400115.5,568199.83,7775295.0,9788702.71,10089681.17,195756.16,242590.91,253759.07,10630.09,9526.56,13528.57,185126.07,233064.35,240230.5
2025-07-09,276,5,8,271,8468332.0,243590.0,8224742.0,201626.95,5799.76,195827.19,277.86,319.07,348.47,15.43,13.5,16.1,265.43,308.43,335.3,8530921.71,9762364.64,10660076.27,465452.0,393913.5,478816.07,8065469.71,9368451.14,10181260.2,203117.18,232437.25,253811.34,11082.19,9378.89,11400.38,192034.99,223058.36,242410.96
2025-07-10,693,9,16,681,21221444.0,484090.0,20737354.0,505272.48,11525.95,493746.52,318.43,353.86,356.2,11.57,14.21,16.13,309.86,342.64,343.03,9774452.57,10827942.43,10897908.97,349065.0,416895.57,479750.73,9425387.57,10411046.86,10418158.23,232725.06,257808.15,259474.02,8311.07,9926.09,11422.64,224413.99,247882.07,248051.39
2025-07-11,115,0,3,114,3548964.0,89130.0,3459834.0,84499.14,2122.14,82377.0,280.29,352.36,354.03,10.71,13.86,16.07,272.43,341.5,340.9,8608863.43,10784712.57,10830952.53,324401.14,407358.43,477714.13,8284462.29,10377354.14,10353238.4,204972.94,256778.87,257879.82,7723.84,9699.01,11374.15,197249.1,247079.86,246505.68
2025-07-12,668,14,27,645,20407369.0,821130.0,19586239.0,485889.74,19550.71,466339.02,339.71,356.43,365.27,9.57,14.5,16.7,333.14,345.0,351.53,10416183.43,10911097.93,11172043.37,290114.29,427365.57,497013.47,10126069.14,10483732.36,10675029.9,248004.37,259788.05,266001.03,6907.48,10175.37,11833.65,241096.88,249612.68,254167.38
2025-07-13,37,0,5,34,1174504.0,151110.0,1023394.0,27964.38,3597.86,24366.52,297.14,319.93,352.63,10.0,14.14,16.63,290.0,308.79,338.97,9114485.57,9805002.0,10788119.83,303005.71,422239.79,494994.47,8811479.86,9382762.21,10293125.37,217011.56,233452.43,256860.0,7214.42,10053.33,11785.58,209797.14,223399.1,245074.41
2025-07-14,226,6,9,220,6947774.0,272750.0,6675024.0,165423.19,6494.05,158929.14,317.57,318.5,351.4,10.43,14.43,16.53,310.14,307.07,337.83,9737721.29,9763360.21,10749242.83,316158.57,430935.0,492017.8,9421562.71,9332425.21,10257225.03,231850.51,232460.96,255934.35,7527.58,10260.36,11714.71,224322.92,222200.6,244219.64
2025-07-15,238,3,9,232,7285563.0,267770.0,7017793.0,173465.79,6375.48,167090.31,321.86,294.86,335.13,11.0,12.93,15.3,313.86,284.86,322.8,9864850.0,9043304.36,10255319.8,332795.71,389629.71,454348.63,9532054.29,8653674.64,9800971.17,234877.38,215316.77,244174.28,7923.71,9276.9,10817.82,226953.67,206039.87,233356.46
2025-07-16,493,7,18,478,15066794.0,544659.0,14522135.0,358733.19,12968.07,345765.12,352.86,315.36,339.3,12.43,13.93,15.33,343.43,304.43,326.93,10807487.43,9669204.57,10381369.07,375805.57,420628.79,455271.6,10431681.86,9248575.79,9926097.47,257321.13,230219.16,247175.45,8947.75,10014.97,10839.8,248373.38,220204.18,236335.65
2025-07-17,197,1,11,189,6037701.0,326637.0,5711064.0,143754.79,7777.07,135977.71,282.0,300.21,341.83,11.71,11.64,15.47,273.14,291.5,329.37,8638381.29,9206416.93,10458190.83,353312.29,351188.64,459139.5,8285069.0,8855228.29,9999051.33,205675.75,219200.4,249004.54,8412.2,8361.63,10931.89,197263.55,210838.77,238072.65
2025-07-18,621,8,36,588,18925757.0,1071215.0,17854542.0,450613.26,25505.12,425108.14,354.29,317.29,346.77,16.43,13.57,16.23,340.86,306.64,333.53,10835066.0,9721964.71,10609012.5,493610.14,409005.64,481862.63,10341455.86,9312959.07,10127149.87,257977.76,231475.35,252595.54,11752.62,9738.23,11472.92,246225.14,221737.12,241122.62
2025-07-19,578,7,100,482,17648815.0,3029440.0,14619375.0,420209.88,72129.52,348080.36,341.43,340.57,361.57,26.86,18.21,19.03,317.57,325.36,345.57,10440986.86,10428585.14,11059190.1,809083.0,549598.64,567189.57,9631903.86,9878986.5,10492000.53,248594.93,248299.65,263314.05,19263.88,13085.68,13504.51,229331.04,235213.96,249809.54
2025-07-20,708,10,200,512,21634287.0,6051681.0,15582606.0,515102.07,144087.64,371014.43,437.29,367.21,376.47,54.71,32.36,22.93,385.86,337.93,356.57,13363813.0,11239149.29,11512833.17,1652021.71,977513.71,685457.43,11711791.29,10261635.57,10827375.73,318186.02,267598.79,274115.08,39333.85,23274.14,16320.42,278852.17,244324.66,257794.66
2025-07-21,521,1,71,454,15983450.0,2154285.0,13829165.0,380558.33,51292.5,329265.83,479.43,398.5,381.37,63.57,37.0,25.03,419.29,364.71,359.4,14654623.86,12196172.57,11664352.07,1920812.43,1118485.5,749204.93,12733811.43,11077687.07,10915147.13,348919.62,290385.06,277722.67,45733.63,26630.61,17838.21,303185.99,263754.45,259884.46
2025-07-22,204,7,17,191,6311422.0,507270.0,5804152.0,150271.95,12077.86,138194.1,474.57,398.21,374.2,64.71,37.86,25.2,413.43,363.64,352.1,14515460.86,12190155.43,11448640.43,1955026.71,1143911.21,754845.4,12560434.14,11046244.21,10693795.03,345606.21,290241.8,272586.68,46548.25,27235.98,17972.51,299057.96,263005.81,254614.17
2025-07-23,357,2,10,351,10961309.0,302159.0,10659150.0,260983.55,7194.26,253789.29,455.14,404.0,366.33,63.57,38.0,25.33,395.29,369.36,344.13,13928963.0,12368225.21,11211121.47,1920383.86,1148094.71,758879.7,12008579.14,11220130.5,10452241.77,331641.98,294481.55,266931.46,45723.42,27335.59,18068.56,285918.55,267145.96,248862.9
2025-07-24,318,5,7,314,9712764.0,211510.0,9501254.0,231256.29,5035.95,226220.33,472.43,377.21,363.77,63.0,37.36,24.63,413.14,343.14,342.27,14453972.0,11546176.64,11132656.8,1903937.14,1128624.71,737668.1,12550034.86,10417551.93,10394988.7,344142.19,274908.97,265063.26,45331.84,26872.02,17563.53,298810.35,248036.95,247499.73
2025-07-25,115,0,9,108,3574949.0,273763.0,3301186.0,85117.83,6518.17,78599.67,400.14,377.21,351.87,59.14,37.79,24.57,344.57,342.71,330.37,12260999.43,11548032.71,10770532.37,1790015.43,1141812.79,735779.6,10470984.0,10406219.93,10034752.77,291928.56,274953.16,256441.25,42619.41,27186.02,17518.56,249309.14,247767.14,238922.68
2025-07-26,449,14,17,436,13801513.0,517130.0,13284383.0,328607.45,12312.62,316294.83,381.71,361.57,359.97,47.29,37.07,24.93,338.0,327.79,338.17,11711384.86,11076185.86,11020470.97,1431114.0,1120098.5,747605.9,10280270.86,9956087.36,10272865.07,278842.5,263718.71,262392.17,34074.14,26669.01,17800.14,244768.35,237049.7,244592.02
2025-07-27,277,0,4,276,8505273.0,120970.0,8384303.0,202506.5,2880.24,199626.26,320.14,378.71,364.67,19.29,37.0,24.8,304.29,345.07,343.03,9835811.43,11599812.21,11165507.33,583869.57,1117945.64,744216.57,9251941.86,10481866.57,10421290.77,234185.99,276186.0,265845.41,13901.66,26617.75,17719.44,220284.33,249568.25,248125.97
2025-07-28,296,1,6,293,9077854.0,181230.0,8896624.0,216139.38,4315.0,211824.38,288.0,383.71,354.17,10.0,36.79,24.4,281.29,350.29,332.93,8849297.71,11751960.79,10846836.67,302004.57,1111408.5,732223.23,8547293.14,10640552.29,10114613.43,210697.56,279808.59,258258.02,7190.59,26462.11,17433.89,203506.98,253346.48,240824.13
2025-07-29,225,8,12,215,6798524.0,327705.0,6470819.0,161869.62,7802.5,154067.12,291.0,382.79,343.4,9.29,37.0,24.47,284.71,349.07,322.07,8918883.71,11717172.29,10518125.9,276352.43,1115689.57,735717.7,8642531.29,10601482.71,9782408.2,212354.37,278980.29,250431.57,6579.82,26564.04,17517.09,205774.55,252416.25,232914.48
2025-07-30,495,20,30,469,15142644.0,907738.0,14234906.0,360539.14,21612.81,338926.33,310.71,382.93,351.7,12.14,37.86,25.3,301.57,348.43,329.57,9516217.29,11722590.14,10771855.4,362863.71,1141623.79,760941.73,9153353.57,10580966.36,10010913.67,226576.6,279109.29,256472.75,8639.61,27181.52,18117.66,217936.99,251927.77,238355.09
2025-07-31,358,10,11,351,10974282.0,331347.0,10642935.0,261292.43,7889.21,253403.21,316.43,394.43,344.67,12.71,37.86,24.67,306.86,360.0,323.17,9696434.14,12075203.07,10558786.63,379983.29,1141960.21,743785.17,9316450.86,10933242.86,9815001.47,230867.48,287504.83,251399.68,9047.22,27189.53,17709.17,221820.26,260315.31,233690.51
2025-08-01,414,0,1,416,12667635.0,30240.0,12637395.0,301610.36,720.0,300890.36,359.14,379.64,351.6,11.57,35.36,24.57,350.86,347.71,330.23,10995389.29,11628194.36,10770901.43,345194.29,1067604.86,741104.1,10650195.0,10560589.5,10029797.33,261794.98,276861.77,256450.03,8218.91,25419.16,17645.34,253576.07,251442.61,238804.7
2025-08-02,157,13,19,141,4858819.0,572340.0,4286479.0,115686.17,13627.14,102059.02,317.43,349.57,343.2,11.86,29.57,23.77,308.71,323.36,322.6,9717861.57,10714623.21,10515637.8,353081.43,892097.71,716888.8,9364780.14,9822525.5,9798749.0,231377.66,255110.08,250372.33,8406.7,21240.42,17068.78,222970.95,233869.65,233303.55
2025-08-03,394,4,6,391,12056886.0,174950.0,11881936.0,287068.71,4165.48,282903.24,334.14,327.14,343.6,12.14,15.71,23.67,325.14,314.71,323.1,10225234.86,10030523.14,10527264.4,360792.86,472331.21,713994.57,9864442.0,9558191.93,9813269.83,243457.97,238821.98,250649.15,8590.31,11245.98,16999.87,234867.67,227576.0,233649.28
2025-08-04,310,1,3,310,9514813.0,83900.0,9430913.0,226543.17,1997.62,224545.55,336.14,312.07,345.53,11.71,10.86,22.6,327.57,304.43,326.1,10287657.57,9568477.64,10585887.2,346888.57,324446.57,681419.97,9940769.0,9244031.07,9904467.23,244944.23,227820.9,252044.93,8259.25,7724.92,16224.28,236684.98,220095.98,235820.65
2025-08-05,361,6,9,355,11078238.0,272750.0,10805488.0,263767.57,6494.05,257273.52,355.57,323.29,346.4,11.29,10.29,22.83,347.57,316.14,326.73,10899045.29,9908964.5,10612282.17,339037.86,307695.14,688482.63,10560007.43,9601269.36,9923799.53,259501.08,235927.73,252673.39,8072.33,7326.07,16392.44,251428.75,228601.65,236280.94
2025-08-06,510,29,33,481,15524340.0,881135.0,14643205.0,369627.14,20979.4,348647.74,357.71,334.21,360.63,11.71,11.93,23.73,349.29,325.43,340.13,10953573.29,10234895.29,11043589.37,335237.43,349050.57,711831.13,10618335.86,9885844.71,10331758.23,260799.36,243687.98,262942.6,7981.84,8310.73,16948.36,252817.52,235377.25,245994.24
2025-08-07,283,5,13,274,8711463.0,394350.0,8317113.0,207415.79,9389.29,198026.5,347.0,331.71,363.13,12.0,12.36,24.0,338.29,322.57,342.4,10630313.43,10163373.79,11120782.73,344237.86,362110.57,719932.47,10286075.57,9801263.21,10400850.27,253102.7,241985.09,264780.54,8196.14,8621.68,17141.25,244906.56,233363.41,247639.29
2025-08-08,212,12,18,197,6544466.0,545705.0,5998761.0,155820.62,12992.98,142827.64,318.14,338.64,361.0,14.43,13.0,24.33,307.0,328.93,339.93,9755575.0,10375482.14,11056653.87,417875.71,381535.0,730002.97,9337699.29,9993947.14,10326650.9,232275.6,247035.29,263253.66,9949.42,9084.17,17381.02,222326.17,237951.12,245872.64
2025-08-09,537,11,19,522,16432878.0,576054.0,15856824.0,391259.0,13715.57,377543.43,372.43,344.93,355.8,14.43,13.14,24.43,361.43,335.07,334.63,11409012.0,10563436.79,10897035.0,418406.29,385743.86,733068.43,10990605.71,10177692.93,10163966.57,271643.14,251510.4,259453.21,9962.06,9184.38,17454.01,261681.09,242326.02,241999.2
2025-08-10,449,6,15,437,13712647.0,451040.0,13261607.0,326491.6,10739.05,315752.55,380.29,357.21,366.93,15.71,13.93,24.83,368.0,346.57,345.4,11645549.29,10935392.07,11235824.43,457847.71,409320.29,745132.1,11187701.57,10526071.79,10490692.33,277274.98,260366.48,267519.63,10901.14,9745.72,17741.24,266373.85,250620.76,249778.39
2025-08-11,313,2,2,314,9585423.0,60200.0,9525223.0,228224.36,1433.33,226791.02,380.71,358.43,355.1,15.57,13.64,24.0,368.57,348.07,334.37,11655636.43,10971647.0,10875092.9,454462.0,400675.29,719767.77,11201174.43,10570971.71,10155325.13,277515.15,261229.69,258930.78,10820.52,9539.89,17137.33,266694.63,251689.8,241793.46
2025-08-12,243,1,10,237,7484286.0,286495.0,7197791.0,178197.29,6821.31,171375.98,363.86,359.71,361.97,15.71,13.5,24.17,351.71,349.64,341.13,11142214.71,11020630.0,11085418.97,456425.57,397731.71,724280.6,10685789.14,10622898.29,10361138.37,265290.83,262395.95,263938.55,10867.28,9469.8,17244.78,254423.55,252926.15,246693.77
2025-08-13,104,5,15,93,3267331.0,453156.0,2814175.0,77793.6,10789.43,67004.17,305.86,331.79,357.9,13.14,12.43,24.37,296.29,322.79,336.9,9391213.43,10172393.36,10962737.53,395285.71,365261.57,730294.13,8995927.71,9807131.79,10232443.4,223600.32,242199.84,261017.56,9411.57,8696.7,17387.96,214188.76,233503.14,243629.6
2025-08-14,260,8,14,250,8037767.0,422670.0,7615097.0,191375.4,10063.57,181311.83,302.57,324.79,358.63,13.29,12.64,24.53,292.86,315.57,337.5,9294971.14,9962642.29,10987811.0,399331.43,371784.64,735457.47,8895639.71,9590857.64,10252353.53,221308.84,237205.77,261614.55,9507.89,8852.02,17510.89,211800.95,228353.75,244103.66
2025-08-15,659,42,51,611,20067262.0,1542779.0,18524483.0,477791.95,36732.83,441059.12,366.43,342.29,364.17,18.0,16.21,25.63,352.0,329.5,341.93,11226799.14,10491187.07,11154493.27,541770.57,479823.14,768728.13,10685028.57,10011363.93,10385765.13,267304.74,249790.17,265583.17,12899.3,11424.36,18303.05,254405.44,238365.81,247280.12
2025-08-16,349,21,23,329,10647833.0,695469.0,9952364.0,253519.83,16558.79,236961.05,339.57,356.0,369.23,18.57,16.5,26.03,324.43,342.93,346.6,10400364.14,10904688.07,11308164.33,558829.86,488618.07,781022.53,9841534.29,10416070.0,10527141.8,247627.72,259635.43,269242.01,13305.47,11633.76,18595.77,234322.25,248001.67,250646.23
2025-08-17,166,5,6,163,5131408.0,181205.0,4950203.0,122176.38,4314.4,117861.98,299.14,339.71,354.07,17.29,16.5,25.03,285.29,326.64,332.43,9174472.86,10410011.07,10848352.7,520282.0,489064.86,751355.53,8654190.86,9920946.21,10096997.17,218439.83,247857.41,258294.11,12387.67,11644.4,17889.42,206052.16,236213.01,240404.69
2025-08-18,518,27,32,490,15859157.0,961000.0,14898157.0,377598.98,22880.95,354718.02,328.43,354.57,352.07,21.57,18.57,22.77,310.43,339.5,332.7,10070720.57,10863178.5,10788697.43,648967.71,551714.86,682407.53,9421752.86,10311463.64,10106289.9,239779.06,258647.11,256873.75,15451.61,13136.07,16247.8,224327.45,245511.04,240625.95
2025-08-19,182,1,5,179,5583697.0,152450.0,5431247.0,132945.17,3629.76,129315.4,319.71,341.79,334.53,20.86,18.29,16.27,302.14,326.93,321.6,9799207.86,10470711.29,10253677.77,629818.43,543122.0,485766.5,9169389.43,9927589.29,9767911.27,233314.47,249302.65,244135.19,14995.68,12931.48,11565.87,218318.8,236371.17,232569.32
2025-08-20,250,3,9,245,7674137.0,271385.0,7402752.0,182717.55,6461.55,176256.0,340.57,323.21,325.5,20.0,16.57,14.2,323.86,310.07,314.63,10428751.57,9909982.5,9976700.67,603851.14,499568.43,423003.17,9824900.43,9410414.07,9553697.5,248303.61,235951.97,237540.49,14377.41,11894.49,10071.5,233926.2,224057.48,227468.99
2025-08-21,465,9,19,449,14216423.0,573762.0,13642661.0,338486.26,13661.0,324825.26,369.86,336.21,334.2,20.71,17.0,14.27,352.29,322.57,323.23,11311416.71,10303193.93,10240200.7,625435.71,512383.57,425219.57,10685981.0,9790810.36,9814981.13,269319.45,245314.14,243814.3,14891.33,12199.61,10124.28,254428.12,233114.53,233690.03
2025-08-22,97,0,2,96,2980382.0,60130.0,2920252.0,70961.48,1431.67,69529.81,289.57,328.0,325.53,13.71,15.86,14.0,278.71,315.36,314.73,8870433.86,10048616.5,9974169.8,413628.71,477699.64,417151.93,8456805.14,9570916.86,9557017.87,211200.81,239252.78,237480.23,9848.3,11373.8,9932.19,201352.5,227878.97,227548.04
2025-08-23,427,11,18,412,13050200.0,518508.0,12531692.0,310719.05,12345.43,298373.62,300.71,320.14,329.17,13.0,15.79,14.37,290.57,307.5,318.0,9213629.14,9806996.64,10085417.67,388348.57,473589.21,427385.2,8825280.57,9333407.43,9658032.47,219372.12,233499.92,240128.99,9246.39,11275.93,10175.84,210125.73,222223.99,229953.15
2025-08-24,304,6,15,293,9343283.0,453290.0,8889993.0,222459.12,10792.62,211666.5,320.43,309.79,335.47,14.29,15.79,14.57,309.14,297.21,324.17,9815325.57,9494899.21,10277695.47,427217.86,473749.93,433369.43,9388107.71,9021149.29,9844326.03,233698.23,226069.03,244707.04,10171.85,11279.76,10318.32,223526.37,214789.27,234388.71
2025-08-25,501,35,44,461,15358152.0,1327511.0,14030641.0,365670.29,31607.4,334062.88,318.0,323.21,337.2,16.0,18.79,15.47,305.0,307.71,325.0,9743753.43,9907237.0,10329583.43,479576.57,564272.14,460382.13,9264176.86,9342964.86,9869201.3,231994.13,235886.6,245942.46,11418.49,13435.05,10961.48,220575.64,222451.54,234980.98
2025-08-26,424,18,18,409,12967027.0,545757.0,12421270.0,308738.74,12994.21,295744.52,352.57,336.14,342.1,17.86,19.36,15.93,337.86,320.0,329.43,10798514.86,10298861.36,10478308.57,535763.29,582790.86,474541.7,10262751.57,9716070.5,10003766.87,257107.5,245210.99,249483.54,12756.27,13875.97,11298.61,244351.23,231335.01,238184.92
2025-08-27,353,3,14,343,10830063.0,409770.0,10420293.0,257858.64,9756.43,248102.21,367.29,353.93,344.0,18.57,19.29,16.2,351.86,337.86,331.1,11249361.43,10839056.5,10536715.53,555532.57,579691.86,482159.7,10693828.86,10259364.64,10054555.83,267841.94,258072.77,250874.18,13226.97,13802.19,11479.99,254614.97,244270.59,239394.19
2025-08-28,80,3,13,70,2507556.0,387050.0,2120506.0,59703.71,9215.48,50488.24,312.29,341.07,339.17,17.71,19.21,16.23,297.71,325.0,326.27,9576666.14,10444041.43,10393683.27,528859.43,577147.57,484137.87,9047806.71,9866893.86,9909545.4,228015.86,248667.65,247468.65,12591.89,13741.61,11527.09,215423.97,234926.04,235941.56
2025-08-29,308,1,2,309,9442450.0,60591.0,9381859.0,224820.24,1442.64,223377.6,342.43,316.0,332.93,17.71,15.71,15.3,328.14,303.43,320.93,10499818.71,9685126.29,10203676.8,528925.29,471277.0,455899.63,9970893.43,9213849.29,9747777.17,249995.68,230598.25,242944.69,12593.46,11220.88,10854.75,237402.22,219377.36,232089.93
2025-08-30,504,3,9,498,15350862.0,274020.0,15076842.0,365496.71,6524.29,358972.43,353.43,327.07,337.8,16.43,14.71,15.23,340.43,315.5,325.83,10828484.71,10021056.93,10349562.8,493998.43,441173.5,453988.73,10334486.29,9579883.43,9895574.07,257821.06,238596.59,246418.16,11761.87,10504.13,10809.26,246059.2,228092.46,235608.91
2025-08-31,514,17,102,415,15678581.0,3102265.0,12576316.0,373299.55,73863.45,299436.1,383.43,351.93,341.13,28.86,21.57,18.6,357.86,333.5,325.8,11733527.29,10774426.43,10449927.67,872423.43,649820.64,556389.57,10861103.86,10124605.79,9893538.1,279369.7,256533.96,248807.8,20771.99,15471.92,13247.37,258597.71,241062.04,235560.43
2025-09-01,404,2,54,354,12390596.0,1640270.0,10750326.0,295014.19,39054.05,255960.14,369.57,343.79,349.37,30.29,23.14,19.77,342.57,323.79,332.9,11309590.71,10526672.07,10700986.9,917103.29,698339.93,591987.23,10392487.43,9828332.14,10108999.67,269275.97,250635.05,254785.4,21835.79,16627.14,14094.93,247440.18,234007.91,240690.47
2025-09-02,140,1,101,42,4340903.0,3066840.0,1274063.0,103354.83,73020.0,30334.83,329.0,340.79,340.9,42.14,30.0,22.93,290.14,314.0,321.27,10077287.29,10437901.07,10443787.47,1277258.0,906510.64,688383.57,8800029.29,9531390.43,9755403.9,239935.41,248521.45,248661.61,30410.91,21583.59,16390.08,209524.51,226937.87,232271.52
2025-09-03,304,1,177,131,9336288.0,5356277.0,3980011.0,222292.57,127530.4,94762.17,322.0,344.64,340.7,65.43,42.0,28.73,259.86,305.86,315.3,9863890.86,10556626.14,10437836.63,1983901.86,1269717.21,864129.47,7879989.0,9286908.93,9573707.17,234854.54,251348.24,248519.92,47235.76,30231.36,20574.51,187618.79,221116.88,227945.41
2025-09-04,424,0,57,369,12972082.0,1726240.0,11245842.0,308859.1,41100.95,267758.14,371.14,341.71,342.8,71.71,44.71,30.33,302.57,300.14,315.77,11358823.14,10467744.64,10500964.77,2175214.71,1352037.07,912579.13,9183608.43,9115707.57,9588385.63,270448.17,249232.02,250022.97,51790.83,32191.36,21728.07,218657.34,217040.66,228294.9
2025-09-05,213,5,6,210,6597800.0,182842.0,6414958.0,157090.48,4353.38,152737.1,357.57,350.0,332.9,72.29,45.0,29.43,288.43,308.29,306.73,10952444.57,10726131.64,10203413.43,2192679.14,1360802.21,889302.7,8759765.43,9365329.43,9314110.73,260772.49,255384.09,242938.42,52206.65,32400.05,21173.87,208565.84,222984.03,221764.54
2025-09-06,506,4,10,499,15479764.0,287089.0,15192675.0,368565.81,6835.45,361730.36,357.86,355.64,340.33,72.43,44.43,29.33,288.57,314.5,314.23,10970859.14,10899671.93,10429023.47,2194546.14,1344272.29,885727.33,8776313.0,9555399.64,9543296.13,261210.93,259516.0,248310.08,52251.1,32006.48,21088.75,208959.83,227509.52,227221.34
2025-09-07,400,7,16,387,12241484.0,481355.0,11760129.0,291463.9,11460.83,280003.07,341.57,362.5,346.6,60.14,44.5,29.27,284.57,321.21,320.57,10479845.29,11106686.29,10618924.07,1820130.43,1346276.93,883582.33,8659714.86,9760409.36,9735341.73,249520.13,264444.91,252831.53,43336.44,32054.21,21037.67,206183.69,232390.7,231793.85
2025-09-08,462,4,12,454,14127016.0,361215.0,13765801.0,336357.52,8600.36,327757.17,349.86,359.71,344.1,54.14,42.21,29.03,298.86,320.71,318.3,10727905.29,11018748.0,10542062.0,1637408.29,1277255.79,876421.03,9090497.0,9741492.21,9665640.97,255426.32,262351.14,251001.48,38985.91,30410.85,20867.17,216440.41,231940.29,230134.31
2025-09-09,255,7,16,241,7794842.0,480771.0,7314071.0,185591.48,11446.93,174144.55,366.29,347.64,337.63,42.0,42.07,29.07,327.29,308.71,311.77,11221325.14,10649306.21,10344801.83,1267969.86,1272613.93,877412.07,9953355.29,9376692.29,9467389.77,267174.41,253554.91,246304.81,30189.76,30300.33,20890.76,236984.65,223254.58,225414.04
2025-09-10,408,1,3,409,12555047.0,92147.0,12462900.0,298929.69,2193.98,296735.71,381.14,351.57,340.8,17.14,41.29,29.1,367.0,313.43,314.93,11681147.86,10772519.36,10443789.3,515951.29,1249926.57,878476.97,11165196.57,9522592.79,9565312.33,278122.57,256488.56,248661.65,12284.55,29760.16,20916.12,265838.01,226728.4,227745.53
2025-09-11,399,8,10,392,12210491.0,289882.0,11920609.0,290725.98,6901.95,283824.02,377.57,374.36,346.0,10.43,41.07,29.1,370.29,336.43,320.1,11572349.14,11465586.14,10601329.47,310757.29,1242986.0,878589.87,11261591.86,10222600.14,9722739.6,275532.12,272990.15,252412.61,7398.98,29594.9,20918.81,268133.14,243395.24,231493.8
2025-09-12,276,0,6,273,8492177.0,182050.0,8310127.0,202194.69,4334.52,197860.17,386.57,372.07,351.73,10.43,41.36,28.8,379.29,333.86,326.1,11842974.43,11397709.5,10775491.0,310644.14,1251661.64,869553.0,11532330.29,10146047.86,9905938.0,281975.58,271374.04,256559.31,7396.29,29801.47,20703.64,274579.29,241572.57,235855.67
2025-09-13,340,11,21,323,10430955.0,615900.0,9815055.0,248356.07,14664.29,233691.79,362.86,360.36,354.4,12.0,42.21,29.03,354.14,321.36,328.53,11121716.0,11046287.57,10855263.93,357617.14,1276081.64,875994.0,10764098.86,9770205.93,9979269.93,264802.76,263006.85,258458.67,8514.69,30382.9,20857.0,256288.07,232623.95,237601.67
2025-09-14,184,3,10,178,5661036.0,303190.0,5357846.0,134786.57,7218.81,127567.76,332.0,336.79,338.57,11.14,35.64,27.67,324.29,304.43,314.1,10181652.0,10330748.64,10375056.4,332165.0,1076147.71,834674.37,9849487.0,9254600.93,9540382.03,242420.29,245970.21,247025.15,7908.69,25622.56,19873.2,234511.6,220347.64,227151.95
2025-09-15,372,22,27,348,11392757.0,820100.0,10572657.0,271256.12,19526.19,251729.93,319.14,334.5,339.33,13.29,33.71,27.8,309.14,304.0,314.73,9791043.57,10259474.43,10399887.2,397720.0,1017564.14,838828.73,9393323.57,9241910.29,9561058.47,233120.09,244273.2,247616.36,9469.52,24227.72,19972.11,223650.56,220045.48,227644.25
2025-09-16,399,11,14,388,12235169.0,409635.0,11825534.0,291313.55,9753.21,281560.33,339.71,353.0,347.1,13.0,27.5,28.07,330.14,328.71,322.23,10425376.0,10823350.57,10636679.23,387557.71,827763.79,846443.07,10037818.29,9995586.79,9790236.17,248223.24,257698.82,253254.27,9227.56,19708.66,20153.41,238995.67,237990.16,233100.86
2025-09-17,417,24,29,391,12756657.0,867070.0,11889587.0,303729.93,20644.52,283085.4,341.0,361.07,343.73,16.71,16.93,27.97,327.57,347.29,318.93,10454177.43,11067662.64,10533262.57,498261.0,507106.14,843312.07,9955916.43,10560556.5,9689950.5,248908.99,263515.78,250791.97,11863.36,12073.96,20078.86,237045.63,251441.82,230713.11
2025-09-18,216,10,14,206,6701076.0,426230.0,6274846.0,159549.43,10148.33,149401.1,314.86,346.21,344.87,17.29,13.86,28.27,301.0,335.64,319.83,9667118.14,10619733.64,10570508.53,517739.29,414248.29,852438.07,9149378.86,10205485.36,9718070.47,230169.48,252850.8,251678.78,12327.12,9863.05,20296.14,217842.35,242987.75,231382.63
2025-09-19,250,0,2,251,7647504.0,55220.0,7592284.0,182083.43,1314.76,180768.67,311.14,348.86,344.87,16.71,13.57,28.03,297.86,338.57,320.03,9546450.57,10694712.5,10569620.77,499620.71,405132.43,845232.57,9046829.86,10289580.07,9724388.2,227296.44,254636.01,251657.64,11895.73,9646.01,20124.58,215400.71,244990.0,231533.05
2025-09-20,226,1,2,226,6910893.0,60260.0,6850633.0,164545.07,1434.76,163110.31,294.86,328.86,336.9,14.0,13.0,27.47,284.0,319.07,312.6,9043584.57,10082650.29,10326103.1,420243.57,388930.36,828115.83,8623341.0,9693719.93,9497987.27,215323.44,240063.1,245859.6,10005.8,9260.25,19717.04,205317.64,230802.86,226142.55
2025-09-21,124,12,18,108,3791499.0,527866.0,3263633.0,90273.79,12568.24,77705.55,286.29,309.14,337.8,15.14,13.14,28.0,274.0,299.14,313.0,8776507.86,9479079.93,10353140.33,452340.14,392252.57,843707.03,8324167.71,9086827.36,9509433.3,208964.47,225692.38,246503.34,10770.0,9339.35,20088.26,198194.47,216353.03,226415.08
2025-09-22,580,11,20,564,17686334.0,592045.0,17094289.0,421103.19,14096.31,407006.88,316.0,317.57,342.9,14.14,13.71,28.07,304.86,307.0,318.07,9675590.29,9733316.93,10507678.13,419760.86,408740.43,846158.27,9255829.43,9324576.5,9661519.87,230371.2,231745.64,250182.81,9994.3,9731.91,20146.62,220376.89,222013.73,230036.19
2025-09-23,264,1,7,261,8122560.0,212260.0,7910300.0,193394.29,5053.81,188340.48,296.71,318.21,341.57,13.14,13.07,27.8,286.71,308.43,317.0,9088074.71,9756725.36,10466987.37,391564.43,389561.07,838123.93,8696510.29,9367164.29,9628863.43,216382.73,232302.99,249213.99,9322.96,9275.26,19955.33,207059.77,223027.72,229258.65
2025-09-24,312,10,15,300,9548711.0,454990.0,9093721.0,227350.26,10833.1,216517.17,281.71,311.36,335.27,11.14,13.93,26.83,273.71,300.64,311.63,8629796.71,9541987.07,10273339.33,332695.86,415478.43,809039.9,8297100.86,9126508.64,9464299.43,205471.35,227190.17,244603.32,7921.33,9892.34,19262.85,197550.02,217297.83,225340.46
2025-09-25,133,9,11,124,4106750.0,333820.0,3772930.0,97779.76,7948.1,89831.67,269.86,292.36,325.57,10.71,14.0,26.6,262.0,281.5,302.13,8259178.71,8963148.43,9977996.77,319494.43,418616.86,801975.33,7939684.29,8544531.57,9176021.43,196647.11,213408.3,237571.35,7607.01,9967.07,19094.65,189040.1,203441.23,218476.7
2025-09-26,223,17,23,202,6846739.0,690993.0,6155746.0,163017.6,16452.21,146565.38,266.0,288.57,321.23,13.71,15.21,26.9,255.0,276.43,297.43,8144783.71,8845617.14,9845219.3,410319.14,454969.93,811349.43,7734464.57,8390647.21,9033869.87,193923.42,210609.93,234409.98,9769.5,10832.62,19317.84,184153.92,199777.32,215092.14
2025-09-27,509,39,48,465,15581756.0,1456069.0,14125687.0,370994.19,34668.31,336325.88,306.43,300.64,335.53,20.29,17.14,28.07,289.14,286.57,310.6,9383478.43,9213531.5,10281025.97,609720.43,514982.0,846983.4,8773758.0,8698549.5,9434042.57,223416.15,219369.8,244786.33,14517.15,12261.48,20166.27,208899.0,207108.32,224620.06
2025-09-28,189,3,4,187,5729517.0,109280.0,5620237.0,136417.07,2601.9,133815.17,315.71,301.0,331.57,18.29,16.71,28.13,300.43,287.21,306.53,9660338.14,9218423.0,10157261.53,549922.43,501131.29,848606.37,9110415.71,8717291.71,9308655.17,230008.05,219486.26,241839.56,13093.39,11931.7,20204.91,216914.66,207554.57,221634.65
2025-09-29,167,0,5,167,5186081.0,151200.0,5034881.0,123478.12,3600.0,119878.12,256.71,286.36,320.33,16.14,15.14,28.0,243.71,274.29,295.5,7874587.71,8775089.0,9818435.5,486944.57,453352.71,844512.37,7387643.14,8321736.29,8973923.13,187490.18,208930.69,233772.27,11593.92,10794.11,20107.44,175896.27,198136.58,213664.84
2025-09-30,693,39,57,641,21132216.0,1723039.0,19409177.0,503148.0,41024.74,462123.26,318.0,307.36,326.3,23.29,18.21,26.5,298.0,292.36,303.03,9733110.0,9410592.36,10000223.33,702770.14,547167.29,798538.17,9030339.86,8863425.07,9201685.17,231740.71,224061.72,238100.56,16732.62,13027.79,19012.81,215008.09,211033.93,219087.74
2025-10-01,423,15,19,409,12983504.0,575030.0,12408474.0,309131.05,13691.19,295439.86,333.86,307.79,326.93,23.86,17.5,25.33,313.57,293.64,304.87,10223794.71,9426795.71,10019986.93,719918.71,526307.29,763030.17,9503876.0,8900488.43,9256956.77,243423.68,224447.52,238571.12,17140.92,12531.13,18167.38,226282.76,211916.39,220403.73
2025-10-02,365,10,10,359,11176466.0,295737.0,10880729.0,266106.33,7041.36,259064.98,367.0,318.43,334.43,23.71,17.21,22.3,347.14,304.57,315.43,11233754.14,9746466.43,10247839.03,714478.29,516986.36,670660.07,10519275.86,9229480.07,9577178.97,267470.34,232058.73,243996.17,17011.39,12309.2,15968.1,250458.95,219749.53,228028.07
2025-10-03,532,7,11,525,16265549.0,325331.0,15940218.0,387274.98,7745.98,379529.0,411.14,338.57,342.03,22.0,17.86,16.77,393.29,324.14,328.57,12579298.43,10362041.07,10478814.4,662240.86,536280.0,502961.87,11917057.57,9825761.07,9975852.53,299507.11,246715.26,249495.58,15767.64,12768.57,11975.28,283739.47,233946.69,237520.3
2025-10-04,391,11,20,375,11985717.0,602186.0,11383531.0,285374.21,14337.76,271036.45,394.29,350.36,340.93,18.0,19.14,15.53,380.43,334.79,328.77,12065578.57,10724528.5,10445935.57,540257.57,574989.0,465493.4,11525321.0,10149539.5,9980442.17,287275.68,255345.92,248712.75,12863.28,13690.21,11083.18,274412.41,241655.7,237629.58
2025-10-05,478,2,5,478,14617937.0,146390.0,14471547.0,348046.12,3485.48,344560.64,435.57,375.64,349.77,18.14,18.21,15.5,422.0,361.21,337.7,13335352.86,11497845.5,10713273.47,545559.0,547740.71,464278.33,12789793.86,10950104.79,10248995.13,317508.4,273758.23,255077.94,12989.5,13041.45,11054.25,304518.9,260716.78,244023.69
2025-10-06,414,3,4,414,12668419.0,121070.0,12547349.0,301629.02,2882.62,298746.4,470.86,363.79,346.7,18.0,17.07,15.3,457.29,350.5,334.87,14404258.29,11139423.0,10619561.97,541254.71,514099.64,458744.37,13863003.57,10625323.36,10160817.6,342958.53,265224.36,252846.71,12887.02,12240.47,10922.48,330071.51,252983.89,241924.23
2025-10-07,352,9,12,344,10791862.0,359556.0,10432306.0,256949.1,8560.86,248388.24,422.14,370.07,345.1,11.57,17.43,15.17,414.86,356.43,333.43,12927064.86,11330087.43,10571241.23,346471.43,524620.79,454684.4,12580593.43,10805466.64,10116556.83,307787.26,269763.99,251696.22,8249.32,12490.97,10825.82,299537.94,257273.02,240870.4
2025-10-08,806,36,41,770,24641567.0,1235231.0,23406336.0,586703.98,29410.26,557293.71,476.86,405.36,356.57,14.71,19.29,16.13,466.43,390.0,343.97,14592502.43,12408148.57,10921726.27,440785.86,580352.29,483818.27,14151716.57,11827796.29,10437908.0,347440.53,295432.11,260041.1,10494.9,13817.91,11519.48,336945.63,281614.2,248521.62
2025-10-09,359,28,32,332,11076846.0,973745.0,10103101.0,263734.43,23184.4,240550.02,476.0,421.5,360.03,17.86,20.79,16.67,462.57,404.86,347.0,14578271.0,12906012.57,11031126.4,537644.14,626061.21,500250.73,14040626.86,12279951.36,10530875.67,347101.69,307286.01,262645.87,12801.05,14906.22,11910.73,334300.64,292379.79,250735.13
2025-10-10,192,4,7,189,5959921.0,211690.0,5748231.0,141902.88,5040.24,136862.64,427.43,419.29,352.83,17.29,19.64,16.8,414.57,403.93,339.67,13106038.43,12842668.43,10811288.87,521409.71,591825.29,504235.5,12584628.71,12250843.14,10307053.37,312048.53,305777.82,257411.64,12414.52,14091.08,12005.61,299634.01,291686.74,245406.03
2025-10-11,463,2,9,458,14101665.0,258007.0,13843658.0,335753.93,6143.02,329610.9,437.71,416.0,354.97,15.71,16.86,16.77,426.43,403.43,341.87,13408316.71,12736947.64,10874328.0,472241.29,506249.43,503173.0,12936075.43,12230698.21,10371155.0,319245.64,303260.66,258912.57,11243.84,12053.56,11980.31,308001.79,291207.1,246932.26
2025-10-12,181,5,13,172,5599654.0,373270.0,5226384.0,133325.1,8887.38,124437.71,395.29,415.43,351.8,16.86,17.5,17.0,382.71,402.36,338.5,12119990.57,12727671.71,10777910.57,504652.71,525105.86,509547.0,11615337.86,12202565.86,10268363.57,288571.21,303039.8,256616.92,12015.54,12502.52,12132.07,276555.66,290537.28,244484.85
2025-10-13,267,1,4,267,8199197.0,121390.0,8077807.0,195218.98,2890.24,192328.74,374.29,422.57,349.37,16.86,17.43,16.43,361.71,409.5,336.63,11481530.29,12942894.29,10703518.63,504698.43,522976.57,493063.33,10976831.86,12419917.71,10210455.3,273369.77,308164.15,254845.68,12016.63,12451.82,11739.6,261353.14,295712.32,243106.08
2025-10-14,427,3,7,424,13094561.0,211050.0,12883511.0,311775.26,5025.0,306750.26,385.0,403.57,357.47,16.14,13.86,16.33,373.14,394.0,344.83,11810487.29,12368776.07,10951302.8,483483.29,414977.36,489992.0,11327004.0,11953798.71,10461310.8,281202.08,294494.67,260745.31,11511.51,9880.41,11666.48,269690.57,284614.25,249078.83
2025-10-15,198,2,4,198,6141421.0,121200.0,6020221.0,146224.31,2885.71,143338.6,298.14,387.5,351.67,10.86,12.79,15.57,291.43,378.93,339.83,9167609.29,11880055.86,10776258.27,324336.0,382560.93,466695.33,8843273.29,11497494.93,10309562.93,218276.41,282858.47,256577.58,7722.28,9108.59,11111.79,210554.12,273749.88,245465.78
2025-10-16,479,35,39,445,14607913.0,1139524.0,13468389.0,347807.45,27131.52,320675.93,315.29,395.64,354.33,11.86,14.86,16.4,307.57,385.07,341.73,9672047.43,12125159.21,10855349.73,348018.71,442831.43,491024.97,9324028.71,11682327.79,10364324.77,230286.84,288694.27,258460.71,8286.16,10543.6,11691.07,222000.68,278150.66,246769.64
2025-10-17,229,3,8,226,7113887.0,241280.0,6872607.0,169378.26,5744.76,163633.5,320.57,374.0,348.07,12.0,14.64,15.7,312.86,363.71,336.23,9836899.71,11471469.07,10667257.4,352245.86,436827.79,470165.3,9484653.86,11034641.29,10197092.1,234211.9,273130.22,253982.32,8386.8,10400.66,11194.41,225825.09,262729.55,242787.91
2025-10-18,377,10,15,366,11586837.0,451603.0,11135234.0,275877.07,10752.45,265124.62,308.29,373.0,353.43,12.86,14.29,15.73,299.71,363.07,341.57,9477638.57,11442977.64,10830116.1,379902.43,426071.86,471011.07,9097736.14,11016905.79,10359105.03,225658.06,272451.85,257859.91,9045.29,10144.57,11214.55,216612.77,262307.28,246645.36
2025-10-19,392,5,6,391,12079855.0,180130.0,11899725.0,287615.6,4288.81,283326.79,338.43,366.86,358.17,11.86,14.36,15.87,331.0,356.86,346.23,10403381.57,11261686.07,10977861.13,352311.0,428481.86,475174.73,10051070.57,10833204.21,10502686.4,247699.56,268135.38,261377.65,8388.36,10201.95,11313.68,239311.21,257933.43,250063.96
2025-10-20,438,14,29,413,13343406.0,874495.0,12468911.0,317700.14,20821.31,296878.83,362.86,368.57,365.23,15.43,16.14,16.77,351.86,356.79,352.47,11138268.57,11309899.43,11192278.23,459897.43,482297.93,502315.9,10678371.14,10827601.5,10689962.33,265196.87,269283.32,266482.82,10949.94,11483.28,11959.9,254246.93,257800.04,254522.91
2025-10-21,559,8,12,551,17023422.0,350220.0,16673202.0,405319.57,8338.57,396981.0,381.71,383.36,379.73,16.14,16.14,16.57,370.0,371.57,367.23,11699534.43,11755010.86,11633342.33,479778.86,481631.07,496394.37,11219755.57,11273379.79,11136947.97,278560.34,279881.21,276984.34,11423.3,11467.4,11818.91,267137.04,268413.8,265165.43
2025-10-22,443,21,28,419,13616198.0,847725.0,12768473.0,324195.19,20183.93,304011.26,416.71,357.43,375.17,19.57,15.21,16.83,401.57,346.5,362.4,12767359.71,10967484.5,11497671.13,583568.14,453952.07,504917.03,12183791.57,10513532.43,10992754.1,303984.75,261130.58,273754.08,13894.48,10808.38,12021.83,290090.28,250322.2,261732.24
2025-10-23,372,23,29,347,11395197.0,864360.0,10530837.0,271314.21,20580.0,250734.21,401.43,358.36,378.77,18.14,15.0,17.57,387.57,347.57,365.27,12308400.29,10990223.86,11606759.03,544259.0,446138.86,526653.7,11764141.29,10544085.0,11080105.33,293057.15,261672.0,276351.41,12958.55,10622.35,12539.37,280098.6,251049.64,263812.03
2025-10-24,469,8,11,462,14367778.0,338550.0,14029228.0,342089.95,8060.71,334029.24,435.71,378.14,384.0,18.57,15.29,17.43,421.29,367.07,370.67,13344670.43,11590785.07,11767394.6,558154.71,455200.29,522772.37,12786515.71,11135584.79,11244622.23,317730.25,275971.07,280176.06,13289.4,10838.1,12446.96,304440.85,265132.97,267729.1
2025-10-25,261,2,6,259,8070998.0,183810.0,7887188.0,192166.62,4376.43,187790.19,419.14,363.71,388.27,17.29,15.07,17.27,406.0,352.86,375.17,12842407.71,11160023.14,11899536.2,519898.57,449900.5,517772.03,12322509.14,10710122.64,11381764.17,305771.61,265714.84,283322.29,12378.54,10711.92,12327.9,293393.07,255002.92,270994.38
2025-10-26,664,18,21,648,20266612.0,583056.0,19683556.0,482538.38,13882.29,468656.1,458.0,398.21,402.97,19.43,15.64,17.2,442.71,386.86,390.03,14011944.43,12207663.0,12346865.3,577459.43,464885.21,514174.13,13434485.0,11742777.79,11832691.17,333617.72,290658.64,293972.98,13749.03,11068.69,12242.24,319868.69,279589.95,281730.74
2025-10-27,311,7,22,293,9498929.0,635628.0,8863301.0,226164.98,15134.0,211030.98,439.86,401.36,396.37,18.43,16.93,16.33,425.57,388.71,384.3,13462733.43,12300501.0,12144104.4,543335.57,501616.5,486826.1,12919397.86,11798884.5,11657278.3,320541.27,292869.07,289145.34,12936.56,11943.25,11591.1,307604.71,280925.82,277554.24
2025-10-28,375,11,18,362,11520776.0,548241.0,10972535.0,274304.19,13053.36,261250.83,413.57,397.64,402.57,19.29,17.71,16.8,398.57,384.29,390.13,12676641.14,12188087.79,12337146.37,571624.29,525701.57,501458.13,12105016.86,11662386.21,11835688.23,301824.79,290192.57,293741.58,13610.1,12516.7,11939.48,288214.69,277675.86,281802.1
2025-10-29,545,15,30,521,16752893.0,882985.0,15869908.0,398878.4,21023.45,377854.95,428.14,422.43,415.17,19.57,19.57,17.63,413.14,407.36,401.93,13124740.43,12946050.07,12722706.77,576661.43,580114.79,525850.97,12548079.0,12365935.29,12196855.8,312493.82,308239.29,302921.59,13730.03,13812.26,12520.26,298763.79,294427.03,290401.33
2025-10-30,387,4,9,383,11908120.0,272640.0,11635480.0,283526.67,6491.43,277035.24,430.29,415.86,404.97,16.71,17.43,16.03,418.29,402.93,393.33,13198015.14,12753207.71,12415236.9,492130.0,518194.5,477504.33,12705885.14,12235013.21,11937732.57,314238.46,303647.8,295600.88,11717.38,12337.96,11369.15,302521.08,291309.84,284231.73
2025-10-31,848,12,25,829,25934463.0,756301.0,25178162.0,617487.21,18007.17,599480.05,484.43,460.07,419.13,18.71,18.64,16.23,470.71,446.0,407.33,14850398.71,14097534.57,12846935.53,551808.71,554981.71,483546.7,14298590.0,13542552.86,12363388.83,353580.92,335655.58,305879.42,13138.3,13213.85,11513.02,340442.62,322441.74,294366.4
2025-11-01,589,9,11,583,18057399.0,332057.0,17725342.0,429938.07,7906.12,422031.95,531.29,475.21,426.6,19.43,18.36,16.27,517.0,461.5,414.8,16277027.43,14559717.57,13076299.97,572986.86,546442.71,484757.37,15704040.57,14013274.86,12591542.6,387548.27,346659.94,311340.48,13642.55,13010.54,11541.84,373905.73,333649.4,299798.63
2025-11-02,707,17,24,688,21632673.0,712855.0,20919818.0,515063.64,16972.74,498090.9,537.43,497.71,432.43,19.86,19.64,16.7,522.71,482.71,420.23,16472179.0,15242061.71,13255204.1,591529.57,584494.5,497674.83,15880649.43,14657567.21,12757529.27,392194.74,362906.23,315600.1,14084.04,13916.54,11849.4,378110.7,348989.7,303750.7
2025-11-03,1120,4,10,1116,34268432.0,301140.0,33967292.0,815915.05,7170.0,808745.05,653.0,546.43,456.73,18.14,18.29,16.37,640.29,532.93,444.93,20010679.43,16736706.43,13997961.27,543745.57,543540.57,487639.97,19466933.86,16193165.86,13510321.3,476444.75,398493.01,333284.79,12946.32,12941.44,11610.48,463498.42,385551.57,321674.32
2025-11-04,751,31,41,716,22959095.0,1222171.0,21736924.0,546645.12,29099.31,517545.81,706.71,560.14,465.83,21.43,20.36,17.57,690.86,544.71,452.87,21644725.0,17160683.07,14275999.87,640021.29,605822.79,523499.33,21004703.71,16554860.29,13752500.53,515350.59,408587.69,339904.76,15238.6,14424.35,12464.27,500111.99,394163.34,327440.49
2025-11-05,466,50,56,415,14307266.0,1699017.0,12608249.0,340649.19,40452.79,300196.4,695.43,561.79,467.57,25.14,22.36,19.3,675.71,544.43,452.9,21295349.71,17210045.07,14330628.1,756597.29,666629.36,576097.57,20538752.43,16543415.71,13754530.53,507032.14,409762.98,341205.43,18014.22,15872.13,13716.61,489017.91,393890.85,327488.82
2025-11-06,402,5,11,395,12335391.0,328845.0,12006546.0,293699.79,7829.64,285870.14,697.57,563.93,469.23,25.43,21.07,19.27,677.43,547.86,454.6,21356388.43,17277201.79,14382079.07,764626.57,628378.29,575073.87,20591761.86,16648823.5,13807005.2,508485.44,411361.95,342430.45,18205.4,14961.39,13692.23,490280.04,396400.56,328738.22
2025-11-07,391,5,11,385,12055175.0,332460.0,11722715.0,287027.98,7915.71,279112.26,632.29,558.36,455.4,23.43,21.07,18.27,614.0,542.36,441.77,19373633.0,17112015.86,13962532.67,704077.86,627943.29,544981.5,18669555.14,16484072.57,13417551.17,461276.98,407428.95,332441.25,16763.76,14951.03,12975.75,444513.22,392477.92,319465.5
2025-11-08,382,1,10,377,11776755.0,305440.0,11471315.0,280398.93,7272.38,273126.55,602.71,567.0,456.17,23.29,21.36,17.53,584.57,550.79,443.27,18476398.14,17376712.79,13985862.97,700275.43,636631.14,522704.67,17776122.71,16740081.64,13463158.3,439914.24,413731.26,332996.74,16673.22,15157.88,12445.35,423241.02,398573.37,320551.39
2025-11-09,666,17,23,649,20442066.0,684027.0,19758039.0,486715.86,16286.36,470429.5,596.86,567.14,471.97,23.14,21.5,18.07,579.0,550.86,458.6,18306311.43,17389245.21,14468601.13,696157.14,643843.36,538449.23,17610154.29,16745401.86,13930151.9,435864.56,414029.65,344490.5,16575.17,15329.6,12820.22,419289.39,398700.04,331670.28
2025-11-10,812,9,16,802,24872235.0,441794.0,24430441.0,592196.07,10518.9,581677.17,552.86,602.93,483.6,24.0,21.07,18.3,534.14,587.21,470.07,16963997.57,18487338.5,14827620.13,716250.57,629998.07,544575.47,16247747.0,17857340.43,14283044.67,403904.71,440174.73,353038.57,17053.58,14999.95,12966.08,386851.12,425174.77,340072.49
2025-11-11,647,7,12,641,19842728.0,319090.0,19523638.0,472445.9,7597.38,464848.52,538.0,622.36,499.13,19.86,20.64,18.27,523.43,607.14,485.7,16518802.29,19081763.64,15302389.27,587239.0,613630.14,542769.47,15931563.29,18468133.5,14759619.8,393304.82,454327.71,364342.6,13981.88,14610.24,12923.08,379322.93,439717.46,351419.52
2025-11-12,409,12,18,396,12602572.0,536058.0,12066514.0,300061.24,12763.29,287297.95,529.86,612.64,503.87,14.43,19.79,18.73,520.71,598.21,490.0,16275274.57,18785312.14,15449168.43,421102.0,588849.64,556591.73,15854172.57,18196462.5,14892576.7,387506.54,447269.34,367837.34,10026.24,14020.23,13252.18,377480.3,433249.11,354585.16
2025-11-13,758,4,18,745,23218159.0,546187.0,22671972.0,552813.31,13004.45,539808.86,580.71,639.14,514.9,15.43,20.43,19.1,570.71,624.07,500.7,17829955.71,19593172.07,15786621.7,452150.86,608388.71,567762.97,17377804.86,18984783.36,15218858.73,424522.76,466504.1,375871.95,10765.5,14485.45,13518.17,413757.26,452018.65,362353.78
2025-11-14,373,11,11,367,11454844.0,320919.0,11133925.0,272734.38,7640.93,265093.45,578.14,605.21,520.73,15.43,19.43,19.33,568.14,591.07,506.33,17744194.14,18558913.57,15963735.8,450502.14,577290.0,574420.27,17293692.0,17981623.57,15389315.53,422480.81,441878.9,380088.95,10726.24,13745.0,13676.67,411754.57,428133.89,366412.27
2025-11-15,324,4,12,317,9979854.0,354351.0,9625503.0,237615.57,8436.93,229178.64,569.86,586.29,515.57,15.71,19.5,18.43,559.57,572.07,502.07,17487494.0,17981946.07,15809467.17,457489.43,578882.43,548247.83,17030004.57,17403063.64,15261219.33,416368.9,428141.57,376415.88,10892.61,13782.91,13053.52,405476.3,414358.66,363362.36
2025-11-16,533,12,36,503,16377174.0,1096544.0,15280630.0,389932.71,26108.19,363824.52,550.86,573.86,525.7,17.57,20.36,19.37,538.71,558.86,511.3,16906795.14,17606553.29,16118243.4,516420.43,606288.79,576756.63,16390374.71,17000264.5,15541486.77,402542.74,419203.65,383767.7,12295.72,14435.45,13732.3,390247.02,404768.2,370035.4
2025-11-17,592,46,55,542,18011002.0,1538093.0,16472909.0,428833.38,36621.26,392212.12,519.43,536.14,532.87,23.14,23.57,20.7,501.57,517.86,517.17,15926619.0,16445308.29,16332382.23,673034.57,694642.57,612972.97,15253584.43,15750665.71,15719409.27,379205.21,391554.96,388866.24,16024.63,16539.11,14594.59,363180.58,375015.85,374271.65
2025-11-18,655,12,24,637,20029096.0,660364.0,19368732.0,476883.24,15722.95,461160.29,520.57,529.29,541.63,24.86,22.36,21.3,501.0,512.21,525.37,15953243.0,16236022.64,16597356.93,721788.0,654513.5,628980.77,15231455.0,15581509.14,15968376.17,379839.12,386571.97,395175.16,17185.43,15583.65,14975.73,362653.69,370988.31,380199.43
2025-11-19,436,50,61,379,13286763.0,1754928.0,11531835.0,316351.5,41784.0,274567.5,524.43,527.14,541.57,31.0,22.71,22.37,498.57,509.64,524.23,16050984.57,16163129.57,16595468.83,895912.29,658507.14,658328.53,15155072.29,15504622.43,15937140.3,382166.3,384836.42,395130.21,21331.24,15678.74,15674.49,360835.05,369157.68,379455.72
2025-11-20,243,9,18,230,7478931.0,493972.0,6984959.0,178069.79,11761.24,166308.55,450.86,515.79,531.03,31.0,23.21,22.57,425.0,497.86,513.53,13802523.43,15816239.57,16277319.13,888453.0,670301.93,663120.27,12914070.43,15145937.64,15614198.87,328631.51,376577.13,387555.22,21153.64,15959.57,15788.58,307477.87,360617.56,371766.64
2025-11-21,385,6,17,372,11760428.0,465610.0,11294818.0,280010.19,11085.95,268924.24,452.57,515.36,529.1,31.86,23.64,22.2,425.71,496.93,511.97,13846178.29,15795186.21,16215460.13,909123.14,679812.64,650383.1,12937055.14,15115373.57,15565077.03,329670.91,376075.86,386082.38,21645.79,16186.01,15485.31,308025.12,359889.85,370597.07
2025-11-22,629,13,20,615,19342837.0,614035.0,18728802.0,460543.74,14619.88,445923.86,496.14,533.0,537.67,33.0,24.36,21.9,468.29,513.93,520.9,15183747.29,16335620.64,16480381.47,946220.86,701855.14,642038.93,14237526.43,15633765.5,15838342.53,361517.79,388943.35,392390.04,22529.07,16710.84,15286.64,338988.73,372232.51,377103.39
2025-11-23,729,29,33,701,22284372.0,1004037.0,21280335.0,530580.29,23905.64,506674.64,524.14,537.5,546.33,32.57,25.07,22.63,496.57,517.64,528.87,16027632.71,16467213.93,16744267.93,933005.57,724713.0,664221.83,15094627.14,15742500.93,16080046.1,381610.3,392076.52,398673.05,22214.42,17255.07,15814.81,359395.89,374821.45,382858.24
2025-11-24,825,25,32,798,25261954.0,968955.0,24292999.0,601475.1,23070.36,578404.74,557.43,538.43,565.13,29.29,26.21,23.5,533.14,517.36,546.83,17063483.0,16495051.0,17317299.8,851700.14,762367.36,690393.33,16211782.86,15732683.64,16626906.47,406273.41,392739.31,412316.66,20278.57,18151.6,16437.94,385994.83,374587.71,395878.73
2025-11-25,493,9,20,479,15116817.0,567119.0,14549698.0,359924.21,13502.83,346421.38,534.29,527.43,559.43,28.71,26.79,23.47,510.57,505.79,541.2,16361728.86,16157485.93,17145639.97,838379.43,780083.71,689862.1,15523349.43,15377402.21,16455777.87,389564.97,384702.05,408229.52,19961.41,18573.42,16425.29,369603.56,366128.62,391804.23
2025-11-26,870,13,25,850,26525814.0,685582.0,25840232.0,631567.0,16323.38,615243.62,596.29,560.36,578.07,23.57,27.29,23.57,577.86,538.21,559.77,18253021.86,17152003.21,17713202.8,685615.71,790764.0,691527.23,17567406.14,16361239.21,17021675.57,434595.76,408381.03,421742.92,16324.18,18827.71,16464.93,418271.58,389553.32,405277.99
2025-11-27,348,10,23,330,10652866.0,599171.0,10053695.0,253639.67,14265.98,239373.69,611.29,531.07,577.17,24.29,27.64,23.73,592.14,508.57,558.7,18706441.14,16254482.29,17684272.47,700644.14,794548.57,693224.9,18005797.0,15459933.71,16991047.57,445391.46,387011.48,421054.11,16682.0,18917.82,16505.35,428709.45,368093.66,404548.75
2025-11-28,277,2,6,276,8574147.0,181680.0,8392467.0,204146.36,4325.71,199820.64,595.86,524.21,568.23,22.71,27.29,22.93,578.43,502.07,550.53,18251258.14,16048718.21,17411647.6,660082.71,784602.93,669848.07,17591175.43,15264115.29,16741799.53,434553.77,382112.34,414563.04,15716.25,18681.02,15948.76,418837.51,363431.32,398614.27
2025-11-29,752,17,94,663,22937649.0,2805032.0,20132617.0,546134.5,66786.48,479348.02,613.43,554.79,580.4,33.29,33.14,25.77,585.29,526.79,559.87,18764802.71,16974275.0,17779298.57,973082.29,959651.57,754261.13,17791720.43,16014623.43,17025037.43,446781.02,404149.41,423316.63,23168.63,22848.85,17958.6,423612.39,381300.56,405358.03
2025-11-30,595,13,22,578,18195418.0,607633.0,17587785.0,433224.24,14467.45,418756.79,594.29,559.21,571.97,31.71,32.14,25.67,567.71,532.14,551.5,18180666.43,17104149.57,17521330.4,916453.14,924729.36,749305.53,17264213.29,16179420.21,16772024.87,432873.01,407241.66,417174.53,21820.31,22017.36,17840.61,411052.7,385224.29,399333.93
2025-12-01,620,6,10,616,19052616.0,301500.0,18751116.0,453633.71,7178.57,446455.14,565.0,561.21,573.0,28.57,28.93,25.63,541.71,537.43,552.6,17293618.14,17178550.57,17554504.3,821102.43,836401.29,748286.97,16472515.71,16342149.29,16806217.33,411752.81,409013.11,417964.39,19550.06,19914.32,17816.36,392202.75,389098.79,400148.03
2025-12-02,409,7,8,405,12500496.0,195463.0,12305033.0,297630.86,4653.88,292976.98,553.0,543.64,563.07,26.86,27.79,25.1,531.14,520.86,543.17,16919858.0,16640793.43,17250098.4,768008.71,803194.07,731040.57,16151849.29,15837599.36,16519057.83,402853.76,396209.37,410716.63,18285.92,19123.67,17405.73,384567.84,377085.7,393310.9
2025-12-03,626,20,29,603,19161040.0,868059.0,18292981.0,456215.24,20668.07,435547.17,518.14,557.21,546.6,27.43,25.5,25.73,495.86,536.86,526.07,15867747.43,17060384.64,16746518.67,794076.86,739846.29,749937.87,15073670.57,16320538.36,15996580.8,377803.51,406199.64,398726.64,18906.59,17615.39,17855.66,358896.92,388584.25,380870.97
2025-12-04,305,8,110,200,9376576.0,3290171.0,6086405.0,223251.81,78337.4,144914.4,512.0,561.64,531.73,39.86,32.07,28.03,477.29,534.71,508.87,15685420.29,17195930.71,16293768.03,1178505.43,939574.79,818871.2,14506914.86,16256355.93,15474896.83,373462.39,409426.92,387946.86,28059.65,22370.83,19496.93,345402.73,387056.09,368449.92
2025-12-05,551,47,123,433,16890553.0,3690886.0,13199667.0,402156.02,87878.24,314277.79,551.14,573.5,534.57,56.57,39.64,30.27,499.71,539.07,509.47,16873478.29,17562368.21,16379877.6,1679820.57,1169951.64,885266.83,15193657.71,16392416.57,15494610.77,401749.48,418151.62,389997.09,39995.73,27855.99,21077.78,361753.76,390295.63,368919.3
2025-12-06,480,7,13,472,14708015.0,368745.0,14339270.0,350190.83,8779.64,341411.19,512.29,562.86,537.17,45.0,39.14,30.33,472.43,528.86,512.03,15697816.29,17231309.5,16458965.07,1331779.57,1152430.93,886596.83,14366036.71,16078878.57,15572368.23,373757.53,410269.27,391880.12,31709.04,27438.83,21109.45,342048.49,382830.44,370770.67
2025-12-07,873,8,16,861,26670657.0,417171.0,26253486.0,635015.64,9932.64,625083.0,552.0,573.14,553.23,44.14,37.93,30.5,512.86,540.29,527.9,16908564.71,17544615.57,16946147.8,1304570.71,1110511.93,889420.53,15603994.0,16434103.64,16056727.27,402584.87,417728.94,403479.71,31061.21,26440.76,21176.68,371523.67,391288.18,382303.03
2025-12-08,934,74,76,864,28390374.0,2149087.0,26241287.0,675961.29,51168.74,624792.55,596.86,580.93,571.63,53.57,41.07,32.7,548.29,545.0,544.13,18242530.14,17768074.14,17499935.1,1568511.71,1194807.07,950875.43,16674018.43,16573267.07,16549059.67,434345.96,423049.38,416665.12,37345.52,28447.79,22639.89,397000.44,394601.6,394025.23
2025-12-09,184,1,19,169,5716624.0,579770.0,5136854.0,136110.1,13804.05,122306.05,564.71,558.86,555.57,55.14,41.0,32.57,514.57,522.86,528.13,17273405.57,17096631.79,17009087.03,1623412.71,1195710.71,947400.2,15649992.86,15900921.07,16061686.83,411271.56,407062.66,404978.26,38652.68,28469.3,22557.15,372618.88,378593.36,382421.12
2025-12-10,867,18,21,850,26404791.0,623178.0,25781613.0,628685.5,14837.57,613847.93,599.14,558.64,557.4,54.0,40.71,32.73,549.86,522.86,529.73,18308227.14,17087987.29,17060172.23,1588429.71,1191253.29,953446.33,16719797.43,15896734.0,16106725.9,435910.17,406856.84,406194.58,37819.75,28363.17,22701.1,398090.42,378493.67,383493.47
2025-12-11,584,17,25,565,17867628.0,655921.0,17211707.0,425419.71,15617.17,409802.55,639.0,575.5,555.3,41.86,40.86,33.17,602.0,539.64,527.2,19521234.57,17603327.43,16994335.57,1212108.29,1195306.86,964674.03,18309126.29,16408020.57,16029661.53,464791.3,419126.84,404627.04,28859.72,28459.69,22968.43,435931.58,390667.16,381658.61
2025-12-12,216,2,8,212,6672355.0,241996.0,6430359.0,158865.6,5761.81,153103.79,591.14,571.14,548.87,25.43,41.0,32.83,570.43,535.07,521.07,18061492.0,17467485.14,16796661.67,719409.71,1199615.14,954871.97,17342082.29,16267870.0,15841789.7,430035.52,415892.5,399920.52,17128.8,28562.26,22735.05,412906.72,387330.24,377185.47
2025-12-13,755,7,16,745,23083025.0,480623.0,22602402.0,549595.83,11443.4,538152.43,630.43,571.36,548.77,25.86,35.43,32.77,609.43,540.93,521.07,19257922.0,17477869.14,16792157.2,735392.29,1033585.93,952686.5,18522529.71,16444283.21,15839470.7,458521.95,416139.74,399813.27,17509.34,24609.19,22683.01,441012.61,391530.55,377130.26
2025-12-14,207,14,18,193,6425404.0,548958.0,5876446.0,152985.81,13070.43,139915.38,535.29,543.64,543.23,26.14,35.14,33.0,514.0,513.43,515.27,16365743.0,16637153.86,16624509.2,754219.0,1029394.86,960287.8,15611524.0,15607759.0,15664221.4,389660.55,396122.71,395821.65,17957.6,24509.4,22863.99,371702.95,371613.31,372957.65
2025-12-15,541,5,13,533,16572002.0,381530.0,16190472.0,394571.48,9084.05,385487.43,479.14,538.0,550.47,17.14,35.36,33.03,466.71,507.5,522.47,14677404.14,16459967.14,16844247.47,501710.86,1035111.29,961193.77,14175693.29,15424855.86,15883053.7,349462.0,391903.98,401053.51,11945.5,24645.51,22885.57,337516.51,367258.47,378167.95
2025-12-16,515,0,17,504,15842576.0,514760.0,15327816.0,377204.19,12256.19,364948.0,526.43,545.57,549.87,16.86,36.0,32.4,514.57,514.57,522.5,16123968.71,16698687.14,16826427.53,492423.71,1057918.21,941800.97,15631545.0,15640768.93,15884626.57,383904.02,397587.79,400629.23,11724.37,25188.53,22423.83,372179.64,372399.26,378205.4
2025-12-17,550,16,24,531,16849730.0,696660.0,16153070.0,401184.05,16587.14,384596.9,481.14,540.14,548.47,17.29,35.64,31.37,469.0,509.43,522.13,14758960.0,16533593.57,16787718.47,502921.14,1045675.43,913753.2,14256038.86,15487918.14,15873965.27,351403.81,393656.99,399707.58,11974.31,24897.03,21756.03,339429.5,368759.96,377951.55
2025-12-18,739,37,50,694,22509274.0,1450730.0,21058544.0,535935.1,34541.19,501393.9,503.29,571.14,551.27,20.86,31.36,32.23,487.43,544.71,524.03,15422052.29,17471643.43,16870391.07,616465.29,914286.79,940098.73,14805587.0,16557356.64,15930292.33,367191.72,415991.51,401675.98,14677.74,21768.73,22383.3,352513.98,394222.78,379292.68
2025-12-19,370,18,19,356,11393388.0,577905.0,10815483.0,271271.14,13759.64,257511.5,525.29,558.21,549.07,22.43,23.93,30.83,508.0,539.21,523.27,16096485.57,17078988.79,16807278.57,664452.29,691931.0,900864.63,15432033.29,16387057.79,15906413.93,383249.66,406642.59,400173.3,15820.29,16474.55,21449.16,367429.36,390168.04,378724.14
2025-12-20,487,19,31,461,14755249.0,826586.0,13928663.0,351315.45,19680.62,331634.83,487.0,558.71,557.2,24.57,25.21,31.27,467.43,538.43,530.97,14906803.29,17082362.64,17049822.5,713875.57,724633.93,911951.77,14192927.71,16357728.71,16137870.73,354923.89,406722.92,405948.16,16997.04,17253.19,21713.14,337926.85,389469.73,384235.02
2025-12-21,706,8,16,696,21690763.0,485077.0,21205686.0,516446.74,11549.45,504897.29,558.29,546.79,567.9,24.29,25.21,31.23,539.29,526.64,541.77,17087568.86,16726655.93,17380833.67,704749.71,729484.36,912600.67,16382819.14,15997171.57,16468233.0,406846.88,398253.71,413829.37,16779.75,17368.67,21728.59,390067.12,380885.04,392100.79
2025-12-22,780,6,17,769,23837817.0,516994.0,23320823.0,567567.07,12309.38,555257.69,592.43,535.79,572.93,24.86,21.0,31.13,573.0,519.86,546.9,18125542.43,16401473.29,17530666.33,724101.71,612906.29,909365.97,17401440.71,15788567.0,16621300.37,431560.53,390511.27,417396.82,17240.52,14593.01,21651.57,414320.02,375918.26,395745.25
2025-12-23,727,22,32,701,22258647.0,964127.0,21294520.0,529967.79,22955.4,507012.38,622.71,574.57,572.87,27.0,21.93,31.1,601.14,557.86,546.9,19042124.0,17583046.36,17529808.83,788297.0,640360.36,908035.63,18253827.0,16942686.0,16621773.2,453383.91,418643.96,417376.4,18768.97,15246.67,21619.9,434614.93,403397.29,395756.5
2025-12-24,437,5,7,435,13427953.0,180690.0,13247263.0,319713.17,4302.14,315411.02,606.57,543.86,559.93,24.57,20.93,30.27,587.43,528.21,534.8,18553298.71,16656129.36,17135342.13,714587.0,608754.07,881760.13,17838711.71,16047375.29,16253582.0,441745.21,396574.51,407984.34,17013.97,14494.14,20994.29,424731.23,382080.36,386990.05
2025-12-25,223,0,0,225,6841808.0,0.0,6841808.0,162900.19,0.0,162900.19,532.86,518.07,550.93,17.43,19.14,29.6,520.43,503.93,526.33,16315089.29,15868570.79,16859508.5,507339.86,561902.57,862856.17,15807749.43,15306668.21,15996652.33,388454.51,377823.12,401416.87,12079.52,13378.63,20544.19,376374.99,364444.48,380872.67
2025-12-26,410,16,18,397,12573426.0,536369.0,12037057.0,299367.29,12770.69,286596.6,538.57,531.93,535.6,17.29,19.86,29.37,526.29,517.14,511.23,16483666.14,16290075.86,16394428.9,501406.14,582929.21,857882.4,15982260.0,15707146.64,15536546.5,392468.24,387858.95,390343.55,11938.24,13879.27,20425.77,380530.0,373979.68,369917.77
2025-12-27,495,12,20,480,15219108.0,604822.0,14614286.0,362359.71,14400.52,347959.19,539.71,513.36,540.5,15.71,20.14,29.27,529.0,498.21,516.23,16549931.71,15728367.5,16546636.97,469725.57,591800.57,858070.77,16080206.14,15136566.93,15688566.2,394045.99,374484.94,393967.55,11183.94,14090.49,20430.26,382862.05,360394.45,373537.29
2025-12-28,1002,26,36,971,30538626.0,1092046.0,29446580.0,727110.14,26001.1,701109.05,582.0,570.14,564.67,18.57,21.43,30.27,568.29,553.79,539.4,17813912.14,17450740.5,17278786.27,556435.43,630592.57,888416.3,17257476.71,16820147.93,16390369.97,424140.77,415493.82,411399.67,13248.46,15014.11,21152.77,410892.3,400479.71,390246.9
2025-12-29,515,1,10,511,15830036.0,301780.0,15528256.0,376905.62,7185.24,369720.38,544.14,568.29,556.77,17.57,21.21,27.47,531.43,552.21,534.33,16669943.43,17397742.93,17041865.83,525690.57,624896.14,804974.57,16144252.86,16772846.79,16236891.27,396903.42,414231.98,405758.71,12516.44,14878.48,19166.06,384386.97,399353.49,386592.65
2025-12-30,766,17,24,747,23412272.0,712657.0,22699615.0,557435.05,16968.02,540467.02,549.71,586.21,562.47,16.43,21.71,27.53,538.0,569.57,539.97,16834747.0,17938435.5,17215760.97,489766.29,639031.64,808475.37,16344980.71,17299403.86,16407285.6,400827.31,427105.61,409899.07,11661.1,15215.04,19249.41,389166.21,411890.57,390649.66
2025-12-31,640,8,16,629,19548255.0,430303.0,19117952.0,465434.64,10245.31,455189.33,578.71,592.64,563.13,17.71,21.14,27.73,565.71,576.57,540.4,17709075.86,18131187.29,17232282.27,525425.29,620006.14,812768.8,17183650.57,17511181.14,16419513.47,421644.66,431694.94,410292.44,12510.13,14762.05,19351.64,409134.54,416932.88,390940.8
2026-01-01,707,8,13,699,21552992.0,359251.0,21193741.0,513166.48,8553.6,504612.88,647.86,590.36,573.07,19.57,18.5,27.9,633.43,576.93,550.2,19810673.57,18062881.43,17534032.13,576746.86,542043.36,818228.4,19233926.71,17520838.07,16715803.73,471682.7,430068.61,417476.96,13732.07,12905.79,19481.63,457950.64,417162.81,397995.33
2026-01-02,646,12,17,635,19788908.0,450188.0,19338720.0,471164.48,10718.76,460445.71,681.57,610.07,573.73,19.43,18.36,27.5,667.43,596.86,551.27,20841456.71,18662561.43,17554961.07,564435.29,532920.71,804299.37,20277021.43,18129640.71,16750661.7,496225.16,444346.7,417975.26,13438.94,12688.59,19149.98,482786.22,431658.11,398825.28
2026-01-03,611,19,22,594,18676523.0,637119.0,18039404.0,444679.12,15169.5,429509.62,698.14,618.93,583.93,19.71,17.71,24.57,683.71,606.36,564.4,21335373.14,18942652.43,17864959.3,569049.14,519387.36,715864.3,20766324.0,18423265.07,17149095.0,507985.08,451015.54,425356.17,13548.79,12366.36,17044.39,494436.28,438649.17,408311.79
2026-01-04,968,14,19,954,29581068.0,565270.0,29015798.0,704311.14,13458.81,690852.33,693.29,637.64,597.83,17.29,17.93,21.1,681.29,624.79,581.77,21198579.14,19506245.64,18287976.47,493795.43,525115.43,611677.1,20704783.71,18981130.21,17676299.37,504728.08,464434.42,435428.01,11757.03,12502.75,14563.74,492971.04,451931.67,420864.27
2026-01-05,340,3,10,335,10516242.0,299270.0,10216972.0,250386.71,7125.48,243261.24,668.29,606.21,593.17,17.29,17.43,21.0,656.14,593.79,577.2,20439465.71,18554704.57,18148250.7,493436.86,509563.71,609361.27,19946028.86,18045140.86,17538889.43,486653.95,441778.68,432101.21,11748.5,12132.47,14508.6,474905.45,429646.21,417592.61
2026-01-06,678,8,23,660,20744705.0,658114.0,20086591.0,493921.55,15669.38,478252.17,655.71,602.71,586.67,17.14,16.79,21.23,643.71,590.86,570.5,20058384.71,18446565.86,17950718.97,485645.0,487705.64,617392.7,19572739.71,17958860.21,17333326.27,477580.59,439203.95,427398.07,11562.98,11612.04,14699.83,466017.61,427591.91,412698.24
2026-01-07,981,41,51,935,29811166.0,1383251.0,28427915.0,709789.67,32934.55,676855.12,704.43,641.57,588.23,22.14,19.93,20.4,687.43,626.57,572.87,21524514.86,19616795.36,17998078.7,621780.43,573602.86,591864.83,20902734.43,19043192.5,17406213.87,512488.45,467066.56,428525.68,14804.3,13657.21,14092.02,497684.15,453409.34,414433.66
2026-01-08,653,30,50,609,19988660.0,1493185.0,18495475.0,475920.48,35552.02,440368.45,696.71,672.29,603.87,27.43,23.5,21.43,674.57,654.0,587.53,21301038.86,20555856.21,18473813.23,783771.0,680258.93,622312.0,20517267.86,19875597.29,17851501.23,507167.59,489425.15,439852.7,18661.21,16196.64,14816.95,488506.38,473228.51,425035.74
2026-01-09,735,35,41,699,22519089.0,1247592.0,21271497.0,536168.79,29704.57,506464.21,709.43,695.5,599.47,30.86,25.14,22.1,683.71,675.57,582.5,21691064.71,21266260.71,18344289.83,897685.86,731060.57,643125.8,20793378.86,20535200.14,17701164.03,516453.92,506339.54,436768.81,21373.47,17406.2,15312.52,495080.45,488933.34,421456.29
2026-01-10,535,10,12,527,16411630.0,366580.0,16045050.0,390753.1,8728.1,382025.0,698.57,698.36,597.83,29.43,24.57,21.67,674.14,678.93,581.23,21367508.57,21351440.86,18295756.57,859037.43,714043.29,633481.1,20508471.14,20637397.57,17662275.47,508750.21,508367.64,435613.25,20453.27,17001.03,15082.88,488296.93,491366.61,420530.37
2026-01-11,861,47,57,809,26262520.0,1631121.0,24631399.0,625298.1,38836.21,586461.88,683.29,688.29,619.33,34.86,26.07,23.3,653.43,667.36,601.13,20893430.29,21046004.71,18948762.07,1011301.86,752548.64,679785.27,19882128.43,20293456.07,18268976.8,497462.63,501095.35,451161.0,24078.62,17917.82,16185.36,473384.01,483177.52,434975.64
2026-01-12,1027,19,36,997,31248967.0,985860.0,30263107.0,744023.02,23472.86,720550.17,781.43,724.86,628.4,38.57,27.93,23.97,748.0,702.07,609.53,23855248.14,22147356.93,19220960.13,1109386.14,801411.5,696626.5,22745862.0,21345945.43,18524333.63,567982.1,527318.02,457641.91,26413.96,19081.23,16586.34,541568.14,508236.8,441055.56
2026-01-13,462,24,34,433,14129337.0,1005879.0,13123458.0,336412.79,23949.5,312463.29,750.57,703.14,636.9,40.14,28.64,24.5,715.57,679.64,617.53,22910195.57,21484290.14,19477757.9,1159066.86,822355.93,711857.2,21751128.71,20661934.21,18765900.7,545480.85,511530.72,463756.14,27596.83,19579.9,16948.98,517884.02,491950.81,446807.16
2026-01-14,943,22,26,923,28823320.0,767097.0,28056223.0,686269.52,18264.21,668005.31,745.14,724.79,650.3,36.57,29.36,24.93,713.86,700.64,630.53,22769074.71,22146794.79,19886135.17,1071044.86,846412.64,724709.43,21698029.86,21300382.14,19161425.73,542120.83,527304.64,473479.41,25501.07,20152.68,17254.99,516619.76,507151.96,456224.42
2026-01-15,597,7,24,579,18319983.0,713760.0,17606223.0,436190.07,16994.29,419195.79,737.14,716.93,653.03,32.86,30.14,25.17,709.57,692.07,633.03,22530692.29,21915865.57,19968715.4,959698.43,871734.71,731342.77,21570993.86,21044130.86,19237372.63,536445.06,521806.32,475445.61,22849.96,20755.59,17412.92,513595.09,501050.74,458032.68
2026-01-16,528,1,95,438,16156928.0,2857884.0,13299044.0,384688.76,68044.86,316643.9,707.57,708.5,652.3,40.57,35.71,27.53,672.29,678.0,629.93,21621812.14,21656438.43,19945622.0,1189740.14,1043713.0,803383.57,20432072.0,20612725.43,19142238.43,514805.05,515629.49,474895.76,28327.15,24850.31,19128.18,486477.91,490779.18,455767.58
2026-01-17,607,18,34,578,18606003.0,1022593.0,17583410.0,443000.07,24347.45,418652.62,717.86,708.21,647.9,43.71,36.57,27.0,679.57,676.86,626.07,21935294.0,21651401.29,19815512.97,1283456.29,1071246.86,789112.33,20651837.71,20580154.43,19026400.63,522268.9,515509.56,471797.93,30558.48,25505.88,18788.39,491710.42,490003.68,453009.54
2026-01-18,408,5,11,402,12540661.0,293427.0,12247234.0,298587.17,6986.36,291600.81,653.14,668.21,649.17,37.14,36.0,26.73,621.43,637.43,627.6,19975028.43,20434229.36,19853755.4,1092357.14,1051829.5,779629.73,18882671.29,19382399.86,19074125.67,475595.91,486529.27,472708.46,26008.5,25043.56,18562.61,449587.41,461485.71,454145.85
2026-01-19,404,8,17,392,12400428.0,468058.0,11932370.0,295248.29,11144.24,284104.05,564.14,672.79,646.4,34.43,36.5,26.27,535.0,641.5,625.3,17282380.0,20568814.07,19775261.37,1018385.43,1063885.79,767678.8,16263994.57,19504928.29,19007582.57,411485.24,489733.67,470839.56,24247.27,25330.61,18278.07,387237.97,464403.06,452561.49
2026-01-20,601,27,28,577,18251497.0,751662.0,17499835.0,434559.45,17896.71,416662.74,584.0,667.29,642.9,33.57,36.86,26.67,555.57,635.57,621.33,17871260.0,20390727.79,19660619.17,982068.71,1070567.79,776564.97,16889191.29,19320160.0,18884054.2,425506.19,485493.52,468109.98,23382.59,25489.71,18489.64,402123.6,460003.81,449620.34
2026-01-21,601,6,9,597,18336736.0,229638.0,18107098.0,436588.95,5467.57,431121.38,535.14,640.14,636.93,31.14,33.86,26.4,509.0,611.43,615.6,16373176.57,19571125.64,19477249.8,905288.86,988166.86,766986.43,15467887.71,18582958.79,18710263.37,389837.54,465979.18,463744.04,21554.5,23527.78,18261.58,368283.04,442451.4,445482.46
2026-01-22,689,16,62,633,21019521.0,1767868.0,19251653.0,500464.79,42092.1,458372.69,548.29,642.71,635.67,36.57,34.71,27.4,516.71,613.14,613.33,16758824.86,19644758.57,19435945.6,1055875.71,1007787.07,793777.8,15702949.14,18636971.5,18642167.8,399019.64,467732.35,462760.61,25139.9,23994.93,18899.47,373879.74,443737.42,443861.14
2026-01-23,829,19,45,789,25343189.0,1360530.0,23982659.0,603409.26,32393.57,571015.69,591.29,649.43,648.73,29.43,35.0,28.67,566.86,619.57,625.13,18071147.86,19846480.0,19833120.13,841968.0,1015854.07,833105.8,17229179.86,18830625.93,19000014.33,430265.43,472535.24,472217.15,20046.86,24187.0,19835.85,410218.57,448348.24,452381.29
2026-01-24,489,10,14,480,14938924.0,333705.0,14605219.0,355688.67,7945.36,347743.31,574.43,646.14,657.6,26.57,35.14,29.13,552.86,616.21,633.63,17547279.43,19741286.71,20103024.0,743555.43,1013505.86,844229.3,16803724.0,18727780.86,19258794.7,417792.37,470030.64,478643.43,17703.7,24131.09,20100.7,400088.67,445899.54,458542.73
2026-01-25,366,4,15,357,11303776.0,455170.0,10848606.0,269137.52,10837.38,258300.14,568.43,610.79,656.13,27.14,32.14,29.03,546.43,583.93,632.3,17370581.57,18672805.0,20060702.33,766661.57,929509.36,841522.67,16603920.0,17743295.64,19219179.67,413585.28,444590.6,477635.77,18253.85,22131.18,20036.25,395331.43,422459.42,457599.52
2026-01-26,430,15,31,403,13164399.0,885124.0,12279275.0,313438.07,21074.38,292363.69,572.14,568.14,653.97,29.14,31.79,29.4,548.0,541.5,629.73,17479720.29,17381050.14,19992212.03,826242.43,922313.93,850866.07,16653477.86,16458736.21,19141345.97,416183.82,413834.53,476005.05,19672.44,21959.86,20258.72,396511.38,391874.67,455746.33
2026-01-27,996,16,17,984,30324146.0,424985.0,29899161.0,722003.48,10118.69,711884.79,628.57,606.29,653.77,27.57,30.57,28.77,606.14,580.86,630.17,19204384.43,18537822.21,19985062.7,779574.29,880821.5,828630.7,18424810.14,17657000.71,19156432.0,457247.25,441376.72,475834.83,18561.29,20971.94,19729.3,438685.96,420404.78,456105.52
2026-01-28,458,2,6,457,14010422.0,182650.0,13827772.0,333581.48,4348.81,329232.67,608.14,571.64,651.87,27.14,29.14,28.63,586.14,547.57,628.37,18586339.57,17479758.07,19924408.9,772861.71,839075.29,824659.7,17813477.86,16640682.79,19099749.2,442531.9,416184.72,474390.69,18401.47,19977.98,19634.76,424130.43,396206.73,454755.93
2026-01-29,633,5,17,621,19304898.0,484091.0,18820807.0,459640.43,11525.98,448114.45,600.14,574.21,647.43,20.71,28.64,28.4,584.43,550.57,624.17,18341393.43,17550109.14,19787496.43,589465.0,822670.36,817040.83,17751928.43,16727438.79,18970455.6,436699.84,417859.74,471130.87,14034.88,19587.39,19453.35,422664.96,398272.35,451677.51
2026-01-30,239,3,6,238,7377992.0,150969.0,7227023.0,175666.48,3594.5,172071.98,515.86,553.57,634.07,15.14,22.29,28.07,505.71,536.29,611.13,15774936.71,16923042.29,19381821.0,416670.57,629319.29,807729.7,15358266.14,16293723.0,18574091.3,375593.73,402929.58,461471.93,9920.73,14983.79,19231.66,365673.0,387945.79,442240.27
2026-01-31,720,23,29,696,22037756.0,858236.0,21179520.0,524708.48,20434.19,504274.29,548.86,561.64,634.5,17.29,21.93,28.6,536.57,544.71,611.03,16789055.57,17168167.5,19397979.8,491603.57,617579.5,824362.53,16297452.0,16550588.0,18573617.27,399739.42,408765.89,461856.66,11704.85,14704.27,19627.68,388034.57,394061.62,442228.98
2026-02-01,666,14,25,646,20391036.0,729281.0,19661755.0,485500.86,17363.83,468137.02,591.71,580.07,635.17,18.71,22.93,28.87,577.86,562.14,611.4,18087235.57,17728908.57,19418050.73,530762.29,648711.93,833665.63,17556473.29,17080196.64,18584385.1,430648.47,422116.87,462334.54,12637.2,15445.52,19849.18,418011.27,406671.35,442485.36
2026-02-02,184,1,6,179,5606253.0,175210.0,5431043.0,133482.21,4171.67,129310.55,556.57,564.36,620.93,15.14,22.14,28.33,545.86,546.93,597.57,17007500.43,17243610.36,18982375.07,429346.0,627794.21,818268.67,16578154.43,16615816.14,18164106.4,404940.49,410562.15,451961.31,10222.52,14947.48,19482.59,394717.96,395614.67,432478.72
